id,client_id,item_id,location_id,current_stock,updated_at
902903c0-0ad1-483b-b11d-6d0657d6c702,56b5ffb9-c0a3-49c4-acb2-cd0438da3f64,M5_HOBBIES_1_008_CA_1_evaluation,CA_1,61,2025-12-11 12:41:07.280234+00
f380c88a-424e-4358-9602-4958af497bc7,56b5ffb9-c0a3-49c4-acb2-cd0438da3f64,M5_HOBBIES_1_008_CA_1_evaluation,CA_2,380,2025-12-11 12:41:07.280234+00
16e22454-2e0c-46b2-8187-244f62599a10,56b5ffb9-c0a3-49c4-acb2-cd0438da3f64,M5_HOBBIES_1_008_CA_1_evaluation,CA_3,66,2025-12-11 12:41:07.280234+00
0f83e169-0be4-4f24-87b9-41ee7c235b43,56b5ffb9-c0a3-49c4-acb2-cd0438da3f64,M5_HOBBIES_1_008_CA_1_evaluation,TX_1,176,2025-12-11 12:41:07.280234+00
4bb4968a-38c9-41a5-a542-0600ab5ad310,56b5ffb9-c0a3-49c4-acb2-cd0438da3f64,M5_HOBBIES_1_008_CA_1_evaluation,TX_2,274,2025-12-11 12:41:07.280234+00
acc08b89-78dd-4e83-831a-d254dcfeeadb,56b5ffb9-c0a3-49c4-acb2-cd0438da3f64,M5_HOBBIES_1_008_CA_1_evaluation,WI_1,70,2025-12-11 12:41:07.280234+00
7419e4d1-3daf-49d6-986e-a12601dda5ed,56b5ffb9-c0a3-49c4-acb2-cd0438da3f64,M5_HOBBIES_1_008_CA_1_evaluation,WI_2,439,2025-12-11 12:41:07.280234+00
0bb5cf13-c304-432d-9421-d0acfbe18b2c,56b5ffb9-c0a3-49c4-acb2-cd0438da3f64,M5_HOBBIES_1_008_CA_1_evaluation,WI_3,62,2025-12-11 12:41:07.280234+00
81b50e7d-58b7-4981-bfde-cb8d795b19c9,56b5ffb9-c0a3-49c4-acb2-cd0438da3f64,M5_HOBBIES_1_008_CA_1_evaluation,WI_4,337,2025-12-11 12:41:07.280234+00
370298ad-642d-4f47-80fd-2fe6d8e08c21,56b5ffb9-c0a3-49c4-acb2-cd0438da3f64,M5_HOBBIES_1_008_CA_1_evaluation,WI_5,117,2025-12-11 12:41:07.280234+00
39530bdd-4728-4b2d-8241-06ba67a9b3f9,56b5ffb9-c0a3-49c4-acb2-cd0438da3f64,M5_HOBBIES_1_015_CA_1_evaluation,CA_1,238,2025-12-11 12:41:07.280234+00
9cd006f6-1e1b-49e5-9ef0-2004fe508fbc,56b5ffb9-c0a3-49c4-acb2-cd0438da3f64,M5_HOBBIES_1_015_CA_1_evaluation,CA_2,104,2025-12-11 12:41:07.280234+00
db326726-5e8c-4603-a1a6-4b138ba49305,56b5ffb9-c0a3-49c4-acb2-cd0438da3f64,M5_HOBBIES_1_015_CA_1_evaluation,CA_3,478,2025-12-11 12:41:07.280234+00
8c445f05-727a-4462-8146-0afdb989c154,56b5ffb9-c0a3-49c4-acb2-cd0438da3f64,M5_HOBBIES_1_015_CA_1_evaluation,TX_1,249,2025-12-11 12:41:07.280234+00
01afc46c-3d77-45c1-a519-0402fd071b79,56b5ffb9-c0a3-49c4-acb2-cd0438da3f64,M5_HOBBIES_1_015_CA_1_evaluation,TX_2,286,2025-12-11 12:41:07.280234+00
4db2d873-cd68-4cc5-949b-57c1131bb51d,56b5ffb9-c0a3-49c4-acb2-cd0438da3f64,M5_HOBBIES_1_015_CA_1_evaluation,WI_1,404,2025-12-11 12:41:07.280234+00
05cb87f2-afdf-4582-81c4-99bf1420f391,56b5ffb9-c0a3-49c4-acb2-cd0438da3f64,M5_HOBBIES_1_015_CA_1_evaluation,WI_2,151,2025-12-11 12:41:07.280234+00
027d4f42-de5b-444f-9a3a-62787b288524,56b5ffb9-c0a3-49c4-acb2-cd0438da3f64,M5_HOBBIES_1_015_CA_1_evaluation,WI_3,444,2025-12-11 12:41:07.280234+00
ce390567-b474-439c-8c64-98e910738714,56b5ffb9-c0a3-49c4-acb2-cd0438da3f64,M5_HOBBIES_1_015_CA_1_evaluation,WI_4,437,2025-12-11 12:41:07.280234+00
02559e1a-4091-421a-a43c-0a5ed459230c,56b5ffb9-c0a3-49c4-acb2-cd0438da3f64,M5_HOBBIES_1_015_CA_1_evaluation,WI_5,90,2025-12-11 12:41:07.280234+00
f939c458-d1e8-49a3-9053-d8bd6ac98a50,56b5ffb9-c0a3-49c4-acb2-cd0438da3f64,M5_HOBBIES_1_016_CA_1_evaluation,CA_1,427,2025-12-11 12:41:07.280234+00
9f18a05a-668e-4293-8c1b-5020135b4e9e,56b5ffb9-c0a3-49c4-acb2-cd0438da3f64,M5_HOBBIES_1_016_CA_1_evaluation,CA_2,85,2025-12-11 12:41:07.280234+00
8d195145-62bc-4736-a1d0-83fede9fd626,56b5ffb9-c0a3-49c4-acb2-cd0438da3f64,M5_HOBBIES_1_016_CA_1_evaluation,CA_3,52,2025-12-11 12:41:07.280234+00
7a9dadab-e005-4b57-9b9a-c05ba119a426,56b5ffb9-c0a3-49c4-acb2-cd0438da3f64,M5_HOBBIES_1_016_CA_1_evaluation,TX_1,477,2025-12-11 12:41:07.280234+00
1d40c9c8-898b-4d1c-8d28-fe6492162dc9,56b5ffb9-c0a3-49c4-acb2-cd0438da3f64,M5_HOBBIES_1_016_CA_1_evaluation,TX_2,474,2025-12-11 12:41:07.280234+00
276c66da-f3d0-4f9f-849f-de2e517e5a75,56b5ffb9-c0a3-49c4-acb2-cd0438da3f64,M5_HOBBIES_1_016_CA_1_evaluation,WI_1,401,2025-12-11 12:41:07.280234+00
5406de99-e76e-4fae-b937-bb25a1e7514c,56b5ffb9-c0a3-49c4-acb2-cd0438da3f64,M5_HOBBIES_1_016_CA_1_evaluation,WI_2,176,2025-12-11 12:41:07.280234+00
8aaa3f88-d7a8-4b8b-915c-d075cd564435,56b5ffb9-c0a3-49c4-acb2-cd0438da3f64,M5_HOBBIES_1_016_CA_1_evaluation,WI_3,42,2025-12-11 12:41:07.280234+00
22e96c48-9afd-49f8-b298-7be369e4f263,56b5ffb9-c0a3-49c4-acb2-cd0438da3f64,M5_HOBBIES_1_016_CA_1_evaluation,WI_4,182,2025-12-11 12:41:07.280234+00
c9652ba7-7d90-416d-8b05-b1c67bc28057,56b5ffb9-c0a3-49c4-acb2-cd0438da3f64,M5_HOBBIES_1_016_CA_1_evaluation,WI_5,206,2025-12-11 12:41:07.280234+00
8f47fa9c-f12f-4ff4-bfb1-b81e286d6865,56b5ffb9-c0a3-49c4-acb2-cd0438da3f64,M5_HOBBIES_1_019_CA_1_evaluation,CA_1,323,2025-12-11 12:41:07.280234+00
d1bdccbc-4fa5-4096-b1a9-e01a079aee68,56b5ffb9-c0a3-49c4-acb2-cd0438da3f64,M5_HOBBIES_1_019_CA_1_evaluation,CA_2,270,2025-12-11 12:41:07.280234+00
14c04140-0d4e-4335-84cd-55d8f2361796,56b5ffb9-c0a3-49c4-acb2-cd0438da3f64,M5_HOBBIES_1_019_CA_1_evaluation,CA_3,358,2025-12-11 12:41:07.280234+00
304b9ea8-0e78-4756-abc9-09191e639afc,56b5ffb9-c0a3-49c4-acb2-cd0438da3f64,M5_HOBBIES_1_019_CA_1_evaluation,TX_1,425,2025-12-11 12:41:07.280234+00
9cf3c85c-ab2c-4d62-890a-e6bce7b41698,56b5ffb9-c0a3-49c4-acb2-cd0438da3f64,M5_HOBBIES_1_019_CA_1_evaluation,TX_2,80,2025-12-11 12:41:07.280234+00
7aefdb79-00f7-48ae-b99b-a81cfd76078d,56b5ffb9-c0a3-49c4-acb2-cd0438da3f64,M5_HOBBIES_1_019_CA_1_evaluation,WI_1,273,2025-12-11 12:41:07.280234+00
851b9c0b-4154-4451-9fed-09d80bf6a3e5,56b5ffb9-c0a3-49c4-acb2-cd0438da3f64,M5_HOBBIES_1_019_CA_1_evaluation,WI_2,335,2025-12-11 12:41:07.280234+00
0efe3a53-b979-4db2-981f-bd607b7e6d06,56b5ffb9-c0a3-49c4-acb2-cd0438da3f64,M5_HOBBIES_1_019_CA_1_evaluation,WI_3,60,2025-12-11 12:41:07.280234+00
dfc3da84-93b0-4d03-be13-11c44389bd72,56b5ffb9-c0a3-49c4-acb2-cd0438da3f64,M5_HOBBIES_1_019_CA_1_evaluation,WI_4,176,2025-12-11 12:41:07.280234+00
4e765523-0869-425c-b56b-459b6a77caad,56b5ffb9-c0a3-49c4-acb2-cd0438da3f64,M5_HOBBIES_1_019_CA_1_evaluation,WI_5,284,2025-12-11 12:41:07.280234+00
49acef91-967d-409b-b587-98c772710d2f,56b5ffb9-c0a3-49c4-acb2-cd0438da3f64,M5_HOBBIES_1_032_CA_1_evaluation,CA_1,224,2025-12-11 12:41:07.280234+00
e3b9458b-57a0-49e9-bad6-3c4a08a79952,56b5ffb9-c0a3-49c4-acb2-cd0438da3f64,M5_HOBBIES_1_032_CA_1_evaluation,CA_2,142,2025-12-11 12:41:07.280234+00
ad184380-25ec-42dd-bc56-3fefac2e84de,56b5ffb9-c0a3-49c4-acb2-cd0438da3f64,M5_HOBBIES_1_032_CA_1_evaluation,CA_3,174,2025-12-11 12:41:07.280234+00
47ea13c0-5eaf-4cf2-8dfc-63b1df2249a8,56b5ffb9-c0a3-49c4-acb2-cd0438da3f64,M5_HOBBIES_1_032_CA_1_evaluation,TX_1,68,2025-12-11 12:41:07.280234+00
2e681d53-0711-49c5-9bd1-629f2c980a79,56b5ffb9-c0a3-49c4-acb2-cd0438da3f64,M5_HOBBIES_1_032_CA_1_evaluation,TX_2,199,2025-12-11 12:41:07.280234+00
57d5fc0b-77f0-40e4-ba9b-8c86d34063c6,56b5ffb9-c0a3-49c4-acb2-cd0438da3f64,M5_HOBBIES_1_032_CA_1_evaluation,WI_1,291,2025-12-11 12:41:07.280234+00
1fccfabb-1ba0-461a-a92e-8d3520ca3611,56b5ffb9-c0a3-49c4-acb2-cd0438da3f64,M5_HOBBIES_1_032_CA_1_evaluation,WI_2,293,2025-12-11 12:41:07.280234+00
e85ac7fa-e65c-4fd5-a4a9-5eb738c446a3,56b5ffb9-c0a3-49c4-acb2-cd0438da3f64,M5_HOBBIES_1_032_CA_1_evaluation,WI_3,132,2025-12-11 12:41:07.280234+00
4c3b0fc8-6843-4005-ae9f-9490f26a26c0,56b5ffb9-c0a3-49c4-acb2-cd0438da3f64,M5_HOBBIES_1_032_CA_1_evaluation,WI_4,79,2025-12-11 12:41:07.280234+00
4f3604f6-b9e0-4478-bf0a-25e9e9bec23c,56b5ffb9-c0a3-49c4-acb2-cd0438da3f64,M5_HOBBIES_1_032_CA_1_evaluation,WI_5,125,2025-12-11 12:41:07.280234+00
4814035b-2721-438c-8824-0640f0068918,56b5ffb9-c0a3-49c4-acb2-cd0438da3f64,M5_HOBBIES_1_048_CA_1_evaluation,CA_1,334,2025-12-11 12:41:07.280234+00
43d9ecec-4aeb-4efd-bc26-c0844ffe966f,56b5ffb9-c0a3-49c4-acb2-cd0438da3f64,M5_HOBBIES_1_048_CA_1_evaluation,CA_2,266,2025-12-11 12:41:07.280234+00
c36f613d-4daa-4b9f-97c4-593cc86baa35,56b5ffb9-c0a3-49c4-acb2-cd0438da3f64,M5_HOBBIES_1_048_CA_1_evaluation,CA_3,284,2025-12-11 12:41:07.280234+00
12503e1d-3f3a-4738-8086-f6e94c9bf832,56b5ffb9-c0a3-49c4-acb2-cd0438da3f64,M5_HOBBIES_1_048_CA_1_evaluation,TX_1,389,2025-12-11 12:41:07.280234+00
05589fe4-92e0-446b-9ed3-4a3bf2c973c5,56b5ffb9-c0a3-49c4-acb2-cd0438da3f64,M5_HOBBIES_1_048_CA_1_evaluation,TX_2,480,2025-12-11 12:41:07.280234+00
6240602f-bdd8-45ea-9c93-3ab82b230c58,56b5ffb9-c0a3-49c4-acb2-cd0438da3f64,M5_HOBBIES_1_048_CA_1_evaluation,WI_1,150,2025-12-11 12:41:07.280234+00
7b5c0ff9-351f-4f09-9030-21388c97a44e,56b5ffb9-c0a3-49c4-acb2-cd0438da3f64,M5_HOBBIES_1_048_CA_1_evaluation,WI_2,160,2025-12-11 12:41:07.280234+00
234b74eb-0439-4c6f-a32b-e38f6e697d00,56b5ffb9-c0a3-49c4-acb2-cd0438da3f64,M5_HOBBIES_1_048_CA_1_evaluation,WI_3,466,2025-12-11 12:41:07.280234+00
7b914684-8f69-405d-95c2-d99573eb05ca,56b5ffb9-c0a3-49c4-acb2-cd0438da3f64,M5_HOBBIES_1_048_CA_1_evaluation,WI_4,251,2025-12-11 12:41:07.280234+00
01c43f15-cc98-4f56-b8d7-1e0a34c36234,56b5ffb9-c0a3-49c4-acb2-cd0438da3f64,M5_HOBBIES_1_048_CA_1_evaluation,WI_5,384,2025-12-11 12:41:07.280234+00
104f54ea-0780-4e44-8712-99b7510a95c8,56b5ffb9-c0a3-49c4-acb2-cd0438da3f64,M5_HOBBIES_1_067_CA_1_evaluation,CA_1,80,2025-12-11 12:41:07.280234+00
ba92ede9-95c9-4b42-a824-1bf83b050b0b,56b5ffb9-c0a3-49c4-acb2-cd0438da3f64,M5_HOBBIES_1_067_CA_1_evaluation,CA_2,498,2025-12-11 12:41:07.280234+00
a0ba53bc-41fc-44eb-8899-772a1fd34088,56b5ffb9-c0a3-49c4-acb2-cd0438da3f64,M5_HOBBIES_1_067_CA_1_evaluation,CA_3,480,2025-12-11 12:41:07.280234+00
347098a0-a6e3-49eb-b82e-c82c28a2dd4b,56b5ffb9-c0a3-49c4-acb2-cd0438da3f64,M5_HOBBIES_1_067_CA_1_evaluation,TX_1,272,2025-12-11 12:41:07.280234+00
cc21d56a-f4cb-4987-9e7c-c70136bcc94c,56b5ffb9-c0a3-49c4-acb2-cd0438da3f64,M5_HOBBIES_1_067_CA_1_evaluation,TX_2,346,2025-12-11 12:41:07.280234+00
2ca1baa8-8959-4e2c-b222-521342748a5b,56b5ffb9-c0a3-49c4-acb2-cd0438da3f64,M5_HOBBIES_1_067_CA_1_evaluation,WI_1,289,2025-12-11 12:41:07.280234+00
f9e44eb1-b825-44a8-9e50-95b5cc1fda79,56b5ffb9-c0a3-49c4-acb2-cd0438da3f64,M5_HOBBIES_1_067_CA_1_evaluation,WI_2,195,2025-12-11 12:41:07.280234+00
8c261626-6707-4176-941c-7aad919609a5,56b5ffb9-c0a3-49c4-acb2-cd0438da3f64,M5_HOBBIES_1_067_CA_1_evaluation,WI_3,314,2025-12-11 12:41:07.280234+00
467b3aa3-f675-47c3-add2-5269b28958d5,56b5ffb9-c0a3-49c4-acb2-cd0438da3f64,M5_HOBBIES_1_067_CA_1_evaluation,WI_4,236,2025-12-11 12:41:07.280234+00
c79e3a69-e814-4b97-862b-e739d709784b,56b5ffb9-c0a3-49c4-acb2-cd0438da3f64,M5_HOBBIES_1_067_CA_1_evaluation,WI_5,184,2025-12-11 12:41:07.280234+00
35a25f16-45ef-46e3-a27b-2b4045c79e9d,56b5ffb9-c0a3-49c4-acb2-cd0438da3f64,M5_HOBBIES_1_151_CA_1_evaluation,CA_1,301,2025-12-11 12:41:07.280234+00
586d8b30-5588-48be-a8e3-1147c9900e7e,56b5ffb9-c0a3-49c4-acb2-cd0438da3f64,M5_HOBBIES_1_151_CA_1_evaluation,CA_2,177,2025-12-11 12:41:07.280234+00
012beb1d-fbd6-4fab-8d52-b9f810b6b6ad,56b5ffb9-c0a3-49c4-acb2-cd0438da3f64,M5_HOBBIES_1_151_CA_1_evaluation,CA_3,10,2025-12-11 12:41:07.280234+00
b2a8b419-3053-4ce5-b9ab-bdf449e408e5,56b5ffb9-c0a3-49c4-acb2-cd0438da3f64,M5_HOBBIES_1_151_CA_1_evaluation,TX_1,81,2025-12-11 12:41:07.280234+00
1dd35e17-6b7b-4e36-b891-23b6a2766dd6,56b5ffb9-c0a3-49c4-acb2-cd0438da3f64,M5_HOBBIES_1_151_CA_1_evaluation,TX_2,60,2025-12-11 12:41:07.280234+00
d3f3705a-c4c0-4fba-9c8c-d8b9e101a6e7,56b5ffb9-c0a3-49c4-acb2-cd0438da3f64,M5_HOBBIES_1_151_CA_1_evaluation,WI_1,395,2025-12-11 12:41:07.280234+00
307c6b39-3913-47fe-b836-33b27ab54030,56b5ffb9-c0a3-49c4-acb2-cd0438da3f64,M5_HOBBIES_1_151_CA_1_evaluation,WI_2,479,2025-12-11 12:41:07.280234+00
2d48d8a2-816c-4882-b9e8-0017fc979ab0,56b5ffb9-c0a3-49c4-acb2-cd0438da3f64,M5_HOBBIES_1_151_CA_1_evaluation,WI_3,109,2025-12-11 12:41:07.280234+00
982baf64-a26d-487d-8846-ae149b313d70,56b5ffb9-c0a3-49c4-acb2-cd0438da3f64,M5_HOBBIES_1_151_CA_1_evaluation,WI_4,24,2025-12-11 12:41:07.280234+00
6496e91c-f426-4491-b653-57b7ef45d951,56b5ffb9-c0a3-49c4-acb2-cd0438da3f64,M5_HOBBIES_1_151_CA_1_evaluation,WI_5,177,2025-12-11 12:41:07.280234+00
89615522-3bcf-4471-a9fd-f211f2fdd74b,56b5ffb9-c0a3-49c4-acb2-cd0438da3f64,M5_HOBBIES_1_169_CA_1_evaluation,CA_1,301,2025-12-11 12:41:07.280234+00
8c949b91-faeb-4e96-b9b6-f6a99b84c206,56b5ffb9-c0a3-49c4-acb2-cd0438da3f64,M5_HOBBIES_1_169_CA_1_evaluation,CA_2,280,2025-12-11 12:41:07.280234+00
5dfed9af-3939-4bc9-b145-ee13da29dd29,56b5ffb9-c0a3-49c4-acb2-cd0438da3f64,M5_HOBBIES_1_169_CA_1_evaluation,CA_3,399,2025-12-11 12:41:07.280234+00
e6026b7b-9b19-4d66-8ec4-0b8a910ac6c8,56b5ffb9-c0a3-49c4-acb2-cd0438da3f64,M5_HOBBIES_1_169_CA_1_evaluation,TX_1,124,2025-12-11 12:41:07.280234+00
a4dff032-d2bb-4fb8-9dd6-81cd0c4b140d,56b5ffb9-c0a3-49c4-acb2-cd0438da3f64,M5_HOBBIES_1_169_CA_1_evaluation,TX_2,312,2025-12-11 12:41:07.280234+00
bd2a7aa6-e2cd-4fa3-b635-6c893dc9d044,56b5ffb9-c0a3-49c4-acb2-cd0438da3f64,M5_HOBBIES_1_169_CA_1_evaluation,WI_1,57,2025-12-11 12:41:07.280234+00
3fddd9d6-db1f-4ceb-8ea3-0c52d1a0d980,56b5ffb9-c0a3-49c4-acb2-cd0438da3f64,M5_HOBBIES_1_169_CA_1_evaluation,WI_2,262,2025-12-11 12:41:07.280234+00
eb3c9090-c201-4ceb-baf0-d0af719b5f96,56b5ffb9-c0a3-49c4-acb2-cd0438da3f64,M5_HOBBIES_1_169_CA_1_evaluation,WI_3,110,2025-12-11 12:41:07.280234+00
c40c992a-c30f-414f-b34c-248535c38c8d,56b5ffb9-c0a3-49c4-acb2-cd0438da3f64,M5_HOBBIES_1_169_CA_1_evaluation,WI_4,2,2025-12-11 12:41:07.280234+00
e1ff98e7-9e38-4a35-9108-8b89923d40dd,56b5ffb9-c0a3-49c4-acb2-cd0438da3f64,M5_HOBBIES_1_169_CA_1_evaluation,WI_5,339,2025-12-11 12:41:07.280234+00
61dd0a61-78dd-442d-826f-4ba149b54ca7,56b5ffb9-c0a3-49c4-acb2-cd0438da3f64,M5_HOBBIES_1_178_CA_1_evaluation,CA_1,427,2025-12-11 12:41:07.280234+00
1c83387b-4a28-4f6b-b177-95dc1c59d10b,56b5ffb9-c0a3-49c4-acb2-cd0438da3f64,M5_HOBBIES_1_178_CA_1_evaluation,CA_2,33,2025-12-11 12:41:07.280234+00
997ac34a-8321-45b3-8cc5-f3c1128ea768,56b5ffb9-c0a3-49c4-acb2-cd0438da3f64,M5_HOBBIES_1_178_CA_1_evaluation,CA_3,453,2025-12-11 12:41:07.280234+00
d1a58b5d-41ed-4dbe-b891-6a18da01b2c3,56b5ffb9-c0a3-49c4-acb2-cd0438da3f64,M5_HOBBIES_1_178_CA_1_evaluation,TX_1,417,2025-12-11 12:41:07.280234+00
02f396e5-01f6-4a67-a03b-1d01decf9dd0,56b5ffb9-c0a3-49c4-acb2-cd0438da3f64,M5_HOBBIES_1_178_CA_1_evaluation,TX_2,497,2025-12-11 12:41:07.280234+00
61df4bc5-e34b-45e1-bc72-ead1a9725a8e,56b5ffb9-c0a3-49c4-acb2-cd0438da3f64,M5_HOBBIES_1_178_CA_1_evaluation,WI_1,431,2025-12-11 12:41:07.280234+00
33e5c5f1-780f-4ce6-af89-063aa4171ee6,56b5ffb9-c0a3-49c4-acb2-cd0438da3f64,M5_HOBBIES_1_178_CA_1_evaluation,WI_2,86,2025-12-11 12:41:07.280234+00
7cdc3092-d9ca-4a50-a31c-97f95b76df8d,56b5ffb9-c0a3-49c4-acb2-cd0438da3f64,M5_HOBBIES_1_178_CA_1_evaluation,WI_3,57,2025-12-11 12:41:07.280234+00
632ad761-204d-4e63-9604-cc7c796ef296,56b5ffb9-c0a3-49c4-acb2-cd0438da3f64,M5_HOBBIES_1_178_CA_1_evaluation,WI_4,149,2025-12-11 12:41:07.280234+00
12361dc2-7d2e-4281-a4dd-fd19d5337f49,56b5ffb9-c0a3-49c4-acb2-cd0438da3f64,M5_HOBBIES_1_178_CA_1_evaluation,WI_5,468,2025-12-11 12:41:07.280234+00
007aa532-76ef-4e54-9382-82ce82a72d6d,56b5ffb9-c0a3-49c4-acb2-cd0438da3f64,M5_HOBBIES_1_189_CA_1_evaluation,CA_1,23,2025-12-11 12:41:07.280234+00
a70d78c8-8298-46eb-b93e-bbab581a65f5,56b5ffb9-c0a3-49c4-acb2-cd0438da3f64,M5_HOBBIES_1_189_CA_1_evaluation,CA_2,208,2025-12-11 12:41:07.280234+00
0f5c590f-2004-4a13-ba25-c63599a55fdd,56b5ffb9-c0a3-49c4-acb2-cd0438da3f64,M5_HOBBIES_1_189_CA_1_evaluation,CA_3,489,2025-12-11 12:41:07.280234+00
f3d15efb-e322-4362-8549-120265fdcea7,56b5ffb9-c0a3-49c4-acb2-cd0438da3f64,M5_HOBBIES_1_189_CA_1_evaluation,TX_1,113,2025-12-11 12:41:07.280234+00
0614209f-b54e-466f-a9db-00aa16ada9a5,56b5ffb9-c0a3-49c4-acb2-cd0438da3f64,M5_HOBBIES_1_189_CA_1_evaluation,TX_2,471,2025-12-11 12:41:07.280234+00
ebbb4e3e-f4d0-4b67-be1a-1c0e25d95d33,56b5ffb9-c0a3-49c4-acb2-cd0438da3f64,M5_HOBBIES_1_189_CA_1_evaluation,WI_1,54,2025-12-11 12:41:07.280234+00
23df2044-2af7-43b0-a161-d2de67b17e9d,56b5ffb9-c0a3-49c4-acb2-cd0438da3f64,M5_HOBBIES_1_189_CA_1_evaluation,WI_2,66,2025-12-11 12:41:07.280234+00
5c0a726e-0e2c-4d4f-bce3-d995329886ab,56b5ffb9-c0a3-49c4-acb2-cd0438da3f64,M5_HOBBIES_1_189_CA_1_evaluation,WI_3,490,2025-12-11 12:41:07.280234+00
4dfcbc31-5291-4719-a296-11bbc8bec4c9,56b5ffb9-c0a3-49c4-acb2-cd0438da3f64,M5_HOBBIES_1_189_CA_1_evaluation,WI_4,338,2025-12-11 12:41:07.280234+00
b832a634-30e5-4ca3-9e26-120d6dfa1e05,56b5ffb9-c0a3-49c4-acb2-cd0438da3f64,M5_HOBBIES_1_189_CA_1_evaluation,WI_5,24,2025-12-11 12:41:07.280234+00
1e9d598d-3294-459a-a5ba-cafd44370c94,56b5ffb9-c0a3-49c4-acb2-cd0438da3f64,M5_HOBBIES_1_244_CA_1_evaluation,CA_1,104,2025-12-11 12:41:07.280234+00
314dfa2f-64b1-483a-8997-5da533159e24,56b5ffb9-c0a3-49c4-acb2-cd0438da3f64,M5_HOBBIES_1_244_CA_1_evaluation,CA_2,432,2025-12-11 12:41:07.280234+00
a2d22376-d34d-44a1-9beb-49a08b562edd,56b5ffb9-c0a3-49c4-acb2-cd0438da3f64,M5_HOBBIES_1_244_CA_1_evaluation,CA_3,225,2025-12-11 12:41:07.280234+00
5a630dab-e516-46e1-bfc5-29f6f1ab8bc3,56b5ffb9-c0a3-49c4-acb2-cd0438da3f64,M5_HOBBIES_1_244_CA_1_evaluation,TX_1,22,2025-12-11 12:41:07.280234+00
6ab41331-36ff-4f45-b64c-8d70d01566f3,56b5ffb9-c0a3-49c4-acb2-cd0438da3f64,M5_HOBBIES_1_244_CA_1_evaluation,TX_2,453,2025-12-11 12:41:07.280234+00
fd67ba56-b0d6-4709-bd07-22a14f936ae9,56b5ffb9-c0a3-49c4-acb2-cd0438da3f64,M5_HOBBIES_1_244_CA_1_evaluation,WI_1,450,2025-12-11 12:41:07.280234+00
e8ad2fb4-92e1-497a-900b-1e48596ab9bd,56b5ffb9-c0a3-49c4-acb2-cd0438da3f64,M5_HOBBIES_1_244_CA_1_evaluation,WI_2,470,2025-12-11 12:41:07.280234+00
a99ac312-fe43-4667-9f28-a8c3ef5c36da,56b5ffb9-c0a3-49c4-acb2-cd0438da3f64,M5_HOBBIES_1_244_CA_1_evaluation,WI_3,454,2025-12-11 12:41:07.280234+00
63194a84-a829-47c7-9007-0c8084969311,56b5ffb9-c0a3-49c4-acb2-cd0438da3f64,M5_HOBBIES_1_244_CA_1_evaluation,WI_4,45,2025-12-11 12:41:07.280234+00
d1d5dce4-b17f-482b-bb0d-7b258b5258a4,56b5ffb9-c0a3-49c4-acb2-cd0438da3f64,M5_HOBBIES_1_244_CA_1_evaluation,WI_5,208,2025-12-11 12:41:07.280234+00
deb8b0ca-d18e-4e13-8b11-9b60de6090d3,56b5ffb9-c0a3-49c4-acb2-cd0438da3f64,M5_HOBBIES_1_254_CA_1_evaluation,CA_1,353,2025-12-11 12:41:07.280234+00
564422cc-29ca-4654-a030-7eb58e7ee241,56b5ffb9-c0a3-49c4-acb2-cd0438da3f64,M5_HOBBIES_1_254_CA_1_evaluation,CA_2,90,2025-12-11 12:41:07.280234+00
23dac024-ac8a-4e40-908b-7df0fe72e62a,56b5ffb9-c0a3-49c4-acb2-cd0438da3f64,M5_HOBBIES_1_254_CA_1_evaluation,CA_3,111,2025-12-11 12:41:07.280234+00
969e40fd-f911-41d2-960d-1ffb287930ad,56b5ffb9-c0a3-49c4-acb2-cd0438da3f64,M5_HOBBIES_1_254_CA_1_evaluation,TX_1,264,2025-12-11 12:41:07.280234+00
df77d608-a170-4ad7-a2a8-db598721c2c1,56b5ffb9-c0a3-49c4-acb2-cd0438da3f64,M5_HOBBIES_1_254_CA_1_evaluation,TX_2,391,2025-12-11 12:41:07.280234+00
e33ff80f-342a-4c0a-86bc-83df6d556b49,56b5ffb9-c0a3-49c4-acb2-cd0438da3f64,M5_HOBBIES_1_254_CA_1_evaluation,WI_1,482,2025-12-11 12:41:07.280234+00
712b09ef-6108-4609-a09e-294af0c1dab2,56b5ffb9-c0a3-49c4-acb2-cd0438da3f64,M5_HOBBIES_1_254_CA_1_evaluation,WI_2,223,2025-12-11 12:41:07.280234+00
da896e32-365d-426f-b80a-76af1c95b105,56b5ffb9-c0a3-49c4-acb2-cd0438da3f64,M5_HOBBIES_1_254_CA_1_evaluation,WI_3,375,2025-12-11 12:41:07.280234+00
7a6ea8a9-aff4-48fc-99d3-2d62325c090a,56b5ffb9-c0a3-49c4-acb2-cd0438da3f64,M5_HOBBIES_1_254_CA_1_evaluation,WI_4,73,2025-12-11 12:41:07.280234+00
1fbde269-7eb3-4fcf-a2b3-4acec02299d7,56b5ffb9-c0a3-49c4-acb2-cd0438da3f64,M5_HOBBIES_1_254_CA_1_evaluation,WI_5,469,2025-12-11 12:41:07.280234+00
cbef990e-d940-49ec-b643-38ef680cabc7,56b5ffb9-c0a3-49c4-acb2-cd0438da3f64,M5_HOBBIES_1_256_CA_1_evaluation,CA_1,398,2025-12-11 12:41:07.280234+00
103d7e4a-5146-4a4d-8414-e5af28303bf3,56b5ffb9-c0a3-49c4-acb2-cd0438da3f64,M5_HOBBIES_1_256_CA_1_evaluation,CA_2,227,2025-12-11 12:41:07.280234+00
8fc8c081-0577-4f77-aeb8-faf3df71a2d7,56b5ffb9-c0a3-49c4-acb2-cd0438da3f64,M5_HOBBIES_1_256_CA_1_evaluation,CA_3,290,2025-12-11 12:41:07.280234+00
7d7aab05-d4b8-42c1-a47f-14324cfdc36c,56b5ffb9-c0a3-49c4-acb2-cd0438da3f64,M5_HOBBIES_1_256_CA_1_evaluation,TX_1,16,2025-12-11 12:41:07.280234+00
c8218411-19a6-4e40-8a35-3f4595b0af2b,56b5ffb9-c0a3-49c4-acb2-cd0438da3f64,M5_HOBBIES_1_256_CA_1_evaluation,TX_2,425,2025-12-11 12:41:07.280234+00
1650ce09-a0c6-471c-8f60-2747f38c4ee1,56b5ffb9-c0a3-49c4-acb2-cd0438da3f64,M5_HOBBIES_1_256_CA_1_evaluation,WI_1,475,2025-12-11 12:41:07.280234+00
69784a73-d4f9-432b-8b3d-be52ea441eb1,56b5ffb9-c0a3-49c4-acb2-cd0438da3f64,M5_HOBBIES_1_256_CA_1_evaluation,WI_2,10,2025-12-11 12:41:07.280234+00
b79b7ae7-3ef9-4b48-982f-b351ce2382c8,56b5ffb9-c0a3-49c4-acb2-cd0438da3f64,M5_HOBBIES_1_256_CA_1_evaluation,WI_3,481,2025-12-11 12:41:07.280234+00
20294c52-8d40-459f-9869-2f785000fa75,56b5ffb9-c0a3-49c4-acb2-cd0438da3f64,M5_HOBBIES_1_256_CA_1_evaluation,WI_4,236,2025-12-11 12:41:07.280234+00
8aa1fbe3-b8ce-4527-86a6-cff17d8a4ec6,56b5ffb9-c0a3-49c4-acb2-cd0438da3f64,M5_HOBBIES_1_256_CA_1_evaluation,WI_5,74,2025-12-11 12:41:07.280234+00
6ea330f7-e60d-401b-b584-bdec00ca0859,56b5ffb9-c0a3-49c4-acb2-cd0438da3f64,M5_HOBBIES_1_261_CA_1_evaluation,CA_1,238,2025-12-11 12:41:07.280234+00
58dda9a9-8c14-4c5d-9d99-11e0b1c74b8a,56b5ffb9-c0a3-49c4-acb2-cd0438da3f64,M5_HOBBIES_1_261_CA_1_evaluation,CA_2,337,2025-12-11 12:41:07.280234+00
c5611cec-2c65-4d66-b1bb-82ea238be942,56b5ffb9-c0a3-49c4-acb2-cd0438da3f64,M5_HOBBIES_1_261_CA_1_evaluation,CA_3,209,2025-12-11 12:41:07.280234+00
ac8aa817-ff57-436c-a6f8-de24e4a1197b,56b5ffb9-c0a3-49c4-acb2-cd0438da3f64,M5_HOBBIES_1_261_CA_1_evaluation,TX_1,208,2025-12-11 12:41:07.280234+00
1fc34fee-7081-4f08-9d4c-eb0db2a5edbb,56b5ffb9-c0a3-49c4-acb2-cd0438da3f64,M5_HOBBIES_1_261_CA_1_evaluation,TX_2,119,2025-12-11 12:41:07.280234+00
36ad2c5a-29cc-4d7f-b010-77e0bc28bd52,56b5ffb9-c0a3-49c4-acb2-cd0438da3f64,M5_HOBBIES_1_261_CA_1_evaluation,WI_1,194,2025-12-11 12:41:07.280234+00
efd92312-e3ec-4a6b-bc4d-2200e7de7928,56b5ffb9-c0a3-49c4-acb2-cd0438da3f64,M5_HOBBIES_1_261_CA_1_evaluation,WI_2,174,2025-12-11 12:41:07.280234+00
780f740d-4034-48b8-87fc-d0e1886d7827,56b5ffb9-c0a3-49c4-acb2-cd0438da3f64,M5_HOBBIES_1_261_CA_1_evaluation,WI_3,176,2025-12-11 12:41:07.280234+00
9bb8eac5-bcd5-4fa9-a177-79272903217c,56b5ffb9-c0a3-49c4-acb2-cd0438da3f64,M5_HOBBIES_1_261_CA_1_evaluation,WI_4,96,2025-12-11 12:41:07.280234+00
b2b7d373-de6f-4e6b-9fc9-92e73b638eac,56b5ffb9-c0a3-49c4-acb2-cd0438da3f64,M5_HOBBIES_1_261_CA_1_evaluation,WI_5,454,2025-12-11 12:41:07.280234+00
ad322f45-224b-474e-8b73-36aca110151b,56b5ffb9-c0a3-49c4-acb2-cd0438da3f64,M5_HOBBIES_1_268_CA_1_evaluation,CA_1,447,2025-12-11 12:41:07.280234+00
9f1de01b-0399-4556-9ea8-10db7908f340,56b5ffb9-c0a3-49c4-acb2-cd0438da3f64,M5_HOBBIES_1_268_CA_1_evaluation,CA_2,467,2025-12-11 12:41:07.280234+00
3db80383-78f8-49b5-b835-7cf44777505d,56b5ffb9-c0a3-49c4-acb2-cd0438da3f64,M5_HOBBIES_1_268_CA_1_evaluation,CA_3,197,2025-12-11 12:41:07.280234+00
08be9cd5-e0f2-4080-b194-916aecbbadca,56b5ffb9-c0a3-49c4-acb2-cd0438da3f64,M5_HOBBIES_1_268_CA_1_evaluation,TX_1,366,2025-12-11 12:41:07.280234+00
45e49c99-4f03-416f-ba5e-d53a0ba020e8,56b5ffb9-c0a3-49c4-acb2-cd0438da3f64,M5_HOBBIES_1_268_CA_1_evaluation,TX_2,22,2025-12-11 12:41:07.280234+00
3ac006b7-a67f-40fd-aa87-d65e9a1227da,56b5ffb9-c0a3-49c4-acb2-cd0438da3f64,M5_HOBBIES_1_268_CA_1_evaluation,WI_1,371,2025-12-11 12:41:07.280234+00
4480fb10-677b-423e-8400-96412deba3d9,56b5ffb9-c0a3-49c4-acb2-cd0438da3f64,M5_HOBBIES_1_268_CA_1_evaluation,WI_2,306,2025-12-11 12:41:07.280234+00
1e27354d-882a-4ec2-afa9-f7b8e9d3c515,56b5ffb9-c0a3-49c4-acb2-cd0438da3f64,M5_HOBBIES_1_268_CA_1_evaluation,WI_3,236,2025-12-11 12:41:07.280234+00
9c788a63-7b4e-4732-9564-02f52058b675,56b5ffb9-c0a3-49c4-acb2-cd0438da3f64,M5_HOBBIES_1_268_CA_1_evaluation,WI_4,232,2025-12-11 12:41:07.280234+00
8b19d42a-52fa-440d-b8b0-20601a24bb04,56b5ffb9-c0a3-49c4-acb2-cd0438da3f64,M5_HOBBIES_1_268_CA_1_evaluation,WI_5,41,2025-12-11 12:41:07.280234+00
225e13af-7f01-48fc-b77c-7bfe96311c67,56b5ffb9-c0a3-49c4-acb2-cd0438da3f64,M5_HOBBIES_1_278_CA_1_evaluation,CA_1,58,2025-12-11 12:41:07.280234+00
805edfe5-e306-4477-9010-a9182a9b99cd,56b5ffb9-c0a3-49c4-acb2-cd0438da3f64,M5_HOBBIES_1_278_CA_1_evaluation,CA_2,175,2025-12-11 12:41:07.280234+00
63dfddc7-2dac-431f-91f5-e490205f4166,56b5ffb9-c0a3-49c4-acb2-cd0438da3f64,M5_HOBBIES_1_278_CA_1_evaluation,CA_3,389,2025-12-11 12:41:07.280234+00
88659e14-79b9-4aec-8b95-7bc0041e1ff2,56b5ffb9-c0a3-49c4-acb2-cd0438da3f64,M5_HOBBIES_1_278_CA_1_evaluation,TX_1,218,2025-12-11 12:41:07.280234+00
c439ec4a-b98c-4e07-a3e2-9833e061f4e5,56b5ffb9-c0a3-49c4-acb2-cd0438da3f64,M5_HOBBIES_1_278_CA_1_evaluation,TX_2,103,2025-12-11 12:41:07.280234+00
eb53afe6-e250-4f72-8d16-53dd2adb989b,56b5ffb9-c0a3-49c4-acb2-cd0438da3f64,M5_HOBBIES_1_278_CA_1_evaluation,WI_1,365,2025-12-11 12:41:07.280234+00
c4654d82-57e9-403d-b7ad-eec1d0bcf840,56b5ffb9-c0a3-49c4-acb2-cd0438da3f64,M5_HOBBIES_1_278_CA_1_evaluation,WI_2,301,2025-12-11 12:41:07.280234+00
c4676e81-e5b5-4baa-a8cf-e9b83643fab9,56b5ffb9-c0a3-49c4-acb2-cd0438da3f64,M5_HOBBIES_1_278_CA_1_evaluation,WI_3,194,2025-12-11 12:41:07.280234+00
99bc8f5a-14fd-42c9-a829-20fb9ad10fae,56b5ffb9-c0a3-49c4-acb2-cd0438da3f64,M5_HOBBIES_1_278_CA_1_evaluation,WI_4,164,2025-12-11 12:41:07.280234+00
44376180-79e2-4d38-b832-8ae3dc7d763f,56b5ffb9-c0a3-49c4-acb2-cd0438da3f64,M5_HOBBIES_1_278_CA_1_evaluation,WI_5,244,2025-12-11 12:41:07.280234+00
ffc5ff89-b95b-4363-86c0-9175f5486736,56b5ffb9-c0a3-49c4-acb2-cd0438da3f64,M5_HOBBIES_1_295_CA_1_evaluation,CA_1,248,2025-12-11 12:41:07.280234+00
48bcf446-2a22-4ee3-b51d-bf172057fb3c,56b5ffb9-c0a3-49c4-acb2-cd0438da3f64,M5_HOBBIES_1_295_CA_1_evaluation,CA_2,438,2025-12-11 12:41:07.280234+00
5738ebd0-a449-4965-9bac-ced134dc9c2e,56b5ffb9-c0a3-49c4-acb2-cd0438da3f64,M5_HOBBIES_1_295_CA_1_evaluation,CA_3,333,2025-12-11 12:41:07.280234+00
e7f7396a-a000-42f8-80a5-0454b40fc2c2,56b5ffb9-c0a3-49c4-acb2-cd0438da3f64,M5_HOBBIES_1_295_CA_1_evaluation,TX_1,331,2025-12-11 12:41:07.280234+00
8a6435a3-b35e-4238-82d8-4f75ea293a13,56b5ffb9-c0a3-49c4-acb2-cd0438da3f64,M5_HOBBIES_1_295_CA_1_evaluation,TX_2,422,2025-12-11 12:41:07.280234+00
6144cb75-a69c-47e4-ab2b-4f0aa30fd626,56b5ffb9-c0a3-49c4-acb2-cd0438da3f64,M5_HOBBIES_1_295_CA_1_evaluation,WI_1,95,2025-12-11 12:41:07.280234+00
0ec2dc12-60b0-4f44-8ac3-3707b5f1dfb3,56b5ffb9-c0a3-49c4-acb2-cd0438da3f64,M5_HOBBIES_1_295_CA_1_evaluation,WI_2,87,2025-12-11 12:41:07.280234+00
f03d94ec-102e-400f-b3ce-4ea7da403f89,56b5ffb9-c0a3-49c4-acb2-cd0438da3f64,M5_HOBBIES_1_295_CA_1_evaluation,WI_3,56,2025-12-11 12:41:07.280234+00
92afe1ce-f17b-4c11-8dc6-810536fe0ae0,56b5ffb9-c0a3-49c4-acb2-cd0438da3f64,M5_HOBBIES_1_295_CA_1_evaluation,WI_4,71,2025-12-11 12:41:07.280234+00
7c116f53-4326-4987-9bf8-15b72b8a3de8,56b5ffb9-c0a3-49c4-acb2-cd0438da3f64,M5_HOBBIES_1_295_CA_1_evaluation,WI_5,33,2025-12-11 12:41:07.280234+00
ae3e9e7d-5b41-46c7-ba93-c36e3bb5932c,56b5ffb9-c0a3-49c4-acb2-cd0438da3f64,M5_HOBBIES_1_341_CA_1_evaluation,CA_1,428,2025-12-11 12:41:07.280234+00
f5fb7703-ac58-4365-baa8-c5ee69d53160,56b5ffb9-c0a3-49c4-acb2-cd0438da3f64,M5_HOBBIES_1_341_CA_1_evaluation,CA_2,45,2025-12-11 12:41:07.280234+00
d8008c9a-c804-4800-aa40-18249413761e,56b5ffb9-c0a3-49c4-acb2-cd0438da3f64,M5_HOBBIES_1_341_CA_1_evaluation,CA_3,287,2025-12-11 12:41:07.280234+00
00e03691-7ebf-4eb6-b98f-7a2203e93f69,56b5ffb9-c0a3-49c4-acb2-cd0438da3f64,M5_HOBBIES_1_341_CA_1_evaluation,TX_1,312,2025-12-11 12:41:07.280234+00
0fe55bd2-9e5f-43c0-ab2b-a00ca5ed8d33,56b5ffb9-c0a3-49c4-acb2-cd0438da3f64,M5_HOBBIES_1_341_CA_1_evaluation,TX_2,318,2025-12-11 12:41:07.280234+00
5bc929d6-d55f-48be-8907-0e76e744dd8d,56b5ffb9-c0a3-49c4-acb2-cd0438da3f64,M5_HOBBIES_1_341_CA_1_evaluation,WI_1,145,2025-12-11 12:41:07.280234+00
f111115c-6097-4c55-b33e-e4aca2772642,56b5ffb9-c0a3-49c4-acb2-cd0438da3f64,M5_HOBBIES_1_341_CA_1_evaluation,WI_2,422,2025-12-11 12:41:07.280234+00
8cc58a5d-c0d1-445c-9725-a8795f585275,56b5ffb9-c0a3-49c4-acb2-cd0438da3f64,M5_HOBBIES_1_341_CA_1_evaluation,WI_3,243,2025-12-11 12:41:07.280234+00
18c98fbb-ea1c-4afb-9af9-2427a1bbe396,56b5ffb9-c0a3-49c4-acb2-cd0438da3f64,M5_HOBBIES_1_341_CA_1_evaluation,WI_4,206,2025-12-11 12:41:07.280234+00
528f9dcd-278e-4cb6-8a99-2d727415285f,56b5ffb9-c0a3-49c4-acb2-cd0438da3f64,M5_HOBBIES_1_341_CA_1_evaluation,WI_5,390,2025-12-11 12:41:07.280234+00
610365fa-b224-4473-bc2a-ecb96835866a,56b5ffb9-c0a3-49c4-acb2-cd0438da3f64,M5_HOBBIES_1_348_CA_1_evaluation,CA_1,455,2025-12-11 12:41:07.280234+00
693b01ea-b1c7-47dd-8a74-55c065709dfd,56b5ffb9-c0a3-49c4-acb2-cd0438da3f64,M5_HOBBIES_1_348_CA_1_evaluation,CA_2,150,2025-12-11 12:41:07.280234+00
10230e0e-aa0e-4538-bc22-bf8ab4b06b40,56b5ffb9-c0a3-49c4-acb2-cd0438da3f64,M5_HOBBIES_1_348_CA_1_evaluation,CA_3,275,2025-12-11 12:41:07.280234+00
47579f42-6e35-427c-991a-885855fc57cb,56b5ffb9-c0a3-49c4-acb2-cd0438da3f64,M5_HOBBIES_1_348_CA_1_evaluation,TX_1,168,2025-12-11 12:41:07.280234+00
e19b4b36-404f-4416-8461-029801c598f4,56b5ffb9-c0a3-49c4-acb2-cd0438da3f64,M5_HOBBIES_1_348_CA_1_evaluation,TX_2,196,2025-12-11 12:41:07.280234+00
497da1c2-e8b4-483b-a421-ee740b930ab7,56b5ffb9-c0a3-49c4-acb2-cd0438da3f64,M5_HOBBIES_1_348_CA_1_evaluation,WI_1,278,2025-12-11 12:41:07.280234+00
d072fdf3-e201-4e3e-afe8-f495f6d5a94e,56b5ffb9-c0a3-49c4-acb2-cd0438da3f64,M5_HOBBIES_1_348_CA_1_evaluation,WI_2,11,2025-12-11 12:41:07.280234+00
13bbeb06-818d-4736-aec7-358804d65e4f,56b5ffb9-c0a3-49c4-acb2-cd0438da3f64,M5_HOBBIES_1_348_CA_1_evaluation,WI_3,253,2025-12-11 12:41:07.280234+00
471cdd3e-b084-4c2c-a3ab-067caf4b11f8,56b5ffb9-c0a3-49c4-acb2-cd0438da3f64,M5_HOBBIES_1_348_CA_1_evaluation,WI_4,163,2025-12-11 12:41:07.280234+00
32c1782d-99e9-40f9-a905-e7ef70d58a64,56b5ffb9-c0a3-49c4-acb2-cd0438da3f64,M5_HOBBIES_1_348_CA_1_evaluation,WI_5,392,2025-12-11 12:41:07.280234+00
62825806-81bf-47ce-9870-8e12026f180d,56b5ffb9-c0a3-49c4-acb2-cd0438da3f64,M5_HOBBIES_1_370_CA_1_evaluation,CA_1,462,2025-12-11 12:41:07.280234+00
44e1b20f-4fbc-40ff-bdb6-30a2f6948169,56b5ffb9-c0a3-49c4-acb2-cd0438da3f64,M5_HOBBIES_1_370_CA_1_evaluation,CA_2,224,2025-12-11 12:41:07.280234+00
6ffe3733-c60f-414c-a935-29c0a0b54a40,56b5ffb9-c0a3-49c4-acb2-cd0438da3f64,M5_HOBBIES_1_370_CA_1_evaluation,CA_3,479,2025-12-11 12:41:07.280234+00
ac0bc84a-a9d9-4d56-bc49-53dd655232c6,56b5ffb9-c0a3-49c4-acb2-cd0438da3f64,M5_HOBBIES_1_370_CA_1_evaluation,TX_1,339,2025-12-11 12:41:07.280234+00
b0b20ca3-e438-482a-aeeb-5892cfbccfcc,56b5ffb9-c0a3-49c4-acb2-cd0438da3f64,M5_HOBBIES_1_370_CA_1_evaluation,TX_2,153,2025-12-11 12:41:07.280234+00
902c358f-131f-4fd5-9cf1-ea8edc8f148e,56b5ffb9-c0a3-49c4-acb2-cd0438da3f64,M5_HOBBIES_1_370_CA_1_evaluation,WI_1,345,2025-12-11 12:41:07.280234+00
b85d00be-75f1-430d-aae9-ba251c9bd1c1,56b5ffb9-c0a3-49c4-acb2-cd0438da3f64,M5_HOBBIES_1_370_CA_1_evaluation,WI_2,347,2025-12-11 12:41:07.280234+00
0036d9f7-5fe0-4e66-a82d-186da4d00755,56b5ffb9-c0a3-49c4-acb2-cd0438da3f64,M5_HOBBIES_1_370_CA_1_evaluation,WI_3,419,2025-12-11 12:41:07.280234+00
24138667-2155-4332-b90f-b040963def1e,56b5ffb9-c0a3-49c4-acb2-cd0438da3f64,M5_HOBBIES_1_370_CA_1_evaluation,WI_4,64,2025-12-11 12:41:07.280234+00
3e7ae2c8-b8e3-487d-bf9b-a137f08584d6,56b5ffb9-c0a3-49c4-acb2-cd0438da3f64,M5_HOBBIES_1_370_CA_1_evaluation,WI_5,372,2025-12-11 12:41:07.280234+00
78441e71-2bb4-443d-9953-4c862335ce42,56b5ffb9-c0a3-49c4-acb2-cd0438da3f64,M5_HOBBIES_1_371_CA_1_evaluation,CA_1,103,2025-12-11 12:41:07.280234+00
2491e435-e2d6-4874-80b9-cc479814b124,56b5ffb9-c0a3-49c4-acb2-cd0438da3f64,M5_HOBBIES_1_371_CA_1_evaluation,CA_2,357,2025-12-11 12:41:07.280234+00
236791b1-a019-421d-9f69-5e2e7f998c40,56b5ffb9-c0a3-49c4-acb2-cd0438da3f64,M5_HOBBIES_1_371_CA_1_evaluation,CA_3,159,2025-12-11 12:41:07.280234+00
555e74d6-7529-487d-bee6-9839e22d22f7,56b5ffb9-c0a3-49c4-acb2-cd0438da3f64,M5_HOBBIES_1_371_CA_1_evaluation,TX_1,93,2025-12-11 12:41:07.280234+00
11ba6e3b-5da5-473c-b621-5211b15ac87a,56b5ffb9-c0a3-49c4-acb2-cd0438da3f64,M5_HOBBIES_1_371_CA_1_evaluation,TX_2,24,2025-12-11 12:41:07.280234+00
5734d4f6-f2f2-4f3e-8168-341f207f7009,56b5ffb9-c0a3-49c4-acb2-cd0438da3f64,M5_HOBBIES_1_371_CA_1_evaluation,WI_1,84,2025-12-11 12:41:07.280234+00
4e22470e-9a46-4722-8f7f-7ab50548e4c8,56b5ffb9-c0a3-49c4-acb2-cd0438da3f64,M5_HOBBIES_1_371_CA_1_evaluation,WI_2,493,2025-12-11 12:41:07.280234+00
23201e15-c2f0-407f-8dfd-fda8f6c6d8f7,56b5ffb9-c0a3-49c4-acb2-cd0438da3f64,M5_HOBBIES_1_371_CA_1_evaluation,WI_3,470,2025-12-11 12:41:07.280234+00
9c7ea703-8530-4a59-9e9a-6c903331fea6,56b5ffb9-c0a3-49c4-acb2-cd0438da3f64,M5_HOBBIES_1_371_CA_1_evaluation,WI_4,156,2025-12-11 12:41:07.280234+00
f24a8c47-99ea-40fa-a72b-07d8b555ccc9,56b5ffb9-c0a3-49c4-acb2-cd0438da3f64,M5_HOBBIES_1_371_CA_1_evaluation,WI_5,238,2025-12-11 12:41:07.280234+00
d3001a22-0d3a-4a07-8eac-380b45815544,56b5ffb9-c0a3-49c4-acb2-cd0438da3f64,M5_HOBBIES_1_381_CA_1_evaluation,CA_1,297,2025-12-11 12:41:07.280234+00
10695f2c-146c-4155-8076-9ecf1f7f8c59,56b5ffb9-c0a3-49c4-acb2-cd0438da3f64,M5_HOBBIES_1_381_CA_1_evaluation,CA_2,314,2025-12-11 12:41:07.280234+00
d279d328-8012-4087-ab9b-f79cadc3036e,56b5ffb9-c0a3-49c4-acb2-cd0438da3f64,M5_HOBBIES_1_381_CA_1_evaluation,CA_3,11,2025-12-11 12:41:07.280234+00
d37956e3-8361-4b64-93da-2e03a2618ab0,56b5ffb9-c0a3-49c4-acb2-cd0438da3f64,M5_HOBBIES_1_381_CA_1_evaluation,TX_1,37,2025-12-11 12:41:07.280234+00
39a0b942-ae5d-4d18-8f6f-a4b152b87ae5,56b5ffb9-c0a3-49c4-acb2-cd0438da3f64,M5_HOBBIES_1_381_CA_1_evaluation,TX_2,59,2025-12-11 12:41:07.280234+00
50a397d4-25a6-41c7-a06f-c8631799c936,56b5ffb9-c0a3-49c4-acb2-cd0438da3f64,M5_HOBBIES_1_381_CA_1_evaluation,WI_1,173,2025-12-11 12:41:07.280234+00
b3629b1c-77b2-4299-ab18-b8299fa11d49,56b5ffb9-c0a3-49c4-acb2-cd0438da3f64,M5_HOBBIES_1_381_CA_1_evaluation,WI_2,41,2025-12-11 12:41:07.280234+00
27bb5a97-2119-4dbb-8d62-80d615f66932,56b5ffb9-c0a3-49c4-acb2-cd0438da3f64,M5_HOBBIES_1_381_CA_1_evaluation,WI_3,134,2025-12-11 12:41:07.280234+00
4e48cde6-dceb-46f0-afc5-3e338c5bde44,56b5ffb9-c0a3-49c4-acb2-cd0438da3f64,M5_HOBBIES_1_381_CA_1_evaluation,WI_4,155,2025-12-11 12:41:07.280234+00
13ea387d-fe02-4553-9286-3c3189f32d68,56b5ffb9-c0a3-49c4-acb2-cd0438da3f64,M5_HOBBIES_1_381_CA_1_evaluation,WI_5,241,2025-12-11 12:41:07.280234+00
f397974c-ac68-411b-ae5c-15a4c34be341,56b5ffb9-c0a3-49c4-acb2-cd0438da3f64,M5_HOBBIES_1_387_CA_1_evaluation,CA_1,178,2025-12-11 12:41:07.280234+00
3d4ce912-d194-4a75-bd49-a9143d715d86,56b5ffb9-c0a3-49c4-acb2-cd0438da3f64,M5_HOBBIES_1_387_CA_1_evaluation,CA_2,316,2025-12-11 12:41:07.280234+00
05629be7-2737-47da-9f5c-bcb257aa2069,56b5ffb9-c0a3-49c4-acb2-cd0438da3f64,M5_HOBBIES_1_387_CA_1_evaluation,CA_3,50,2025-12-11 12:41:07.280234+00
1a08e3ae-8769-4d28-92de-70d705def9c8,56b5ffb9-c0a3-49c4-acb2-cd0438da3f64,M5_HOBBIES_1_387_CA_1_evaluation,TX_1,466,2025-12-11 12:41:07.280234+00
5150158f-8ea1-4406-b5f2-cd36b3d6ee33,56b5ffb9-c0a3-49c4-acb2-cd0438da3f64,M5_HOBBIES_1_387_CA_1_evaluation,TX_2,280,2025-12-11 12:41:07.280234+00
49a6567b-1b69-4b08-aa51-0df24068c017,56b5ffb9-c0a3-49c4-acb2-cd0438da3f64,M5_HOBBIES_1_387_CA_1_evaluation,WI_1,55,2025-12-11 12:41:07.280234+00
ee61c2c3-4a21-458f-b79b-b9c56af3f4ba,56b5ffb9-c0a3-49c4-acb2-cd0438da3f64,M5_HOBBIES_1_387_CA_1_evaluation,WI_2,109,2025-12-11 12:41:07.280234+00
a7787d02-9be0-4d98-99b6-4cd1e02a8177,56b5ffb9-c0a3-49c4-acb2-cd0438da3f64,M5_HOBBIES_1_387_CA_1_evaluation,WI_3,304,2025-12-11 12:41:07.280234+00
34c21f3b-9800-416e-aedc-2ddf7a8d1e2e,56b5ffb9-c0a3-49c4-acb2-cd0438da3f64,M5_HOBBIES_1_387_CA_1_evaluation,WI_4,428,2025-12-11 12:41:07.280234+00
cbbc4a16-1ef6-4fb5-81e5-4b7c0c6386be,56b5ffb9-c0a3-49c4-acb2-cd0438da3f64,M5_HOBBIES_1_387_CA_1_evaluation,WI_5,469,2025-12-11 12:41:07.280234+00
3701e00b-042c-466a-ad4e-46e48e5d453b,56b5ffb9-c0a3-49c4-acb2-cd0438da3f64,M5_HOBBIES_1_398_CA_1_evaluation,CA_1,401,2025-12-11 12:41:07.280234+00
6d91f8af-b110-4f30-9149-0b4c7f8984ab,56b5ffb9-c0a3-49c4-acb2-cd0438da3f64,M5_HOBBIES_1_398_CA_1_evaluation,CA_2,118,2025-12-11 12:41:07.280234+00
5a838b37-ec95-4f1d-ac47-349b88c1be49,56b5ffb9-c0a3-49c4-acb2-cd0438da3f64,M5_HOBBIES_1_398_CA_1_evaluation,CA_3,96,2025-12-11 12:41:07.280234+00
a621c815-1d8a-46a0-80de-5ac8238a2cb8,56b5ffb9-c0a3-49c4-acb2-cd0438da3f64,M5_HOBBIES_1_398_CA_1_evaluation,TX_1,120,2025-12-11 12:41:07.280234+00
93a2968e-10fb-4ed0-9e08-6d02a514f3db,56b5ffb9-c0a3-49c4-acb2-cd0438da3f64,M5_HOBBIES_1_398_CA_1_evaluation,TX_2,352,2025-12-11 12:41:07.280234+00
e34c488d-2104-4926-8511-1732dfc57bc8,56b5ffb9-c0a3-49c4-acb2-cd0438da3f64,M5_HOBBIES_1_398_CA_1_evaluation,WI_1,265,2025-12-11 12:41:07.280234+00
503659ea-018c-4f2b-990a-1b14c6854feb,56b5ffb9-c0a3-49c4-acb2-cd0438da3f64,M5_HOBBIES_1_398_CA_1_evaluation,WI_2,70,2025-12-11 12:41:07.280234+00
146cf192-7f66-4f97-a4e5-b3ce85e9fdc1,56b5ffb9-c0a3-49c4-acb2-cd0438da3f64,M5_HOBBIES_1_398_CA_1_evaluation,WI_3,117,2025-12-11 12:41:07.280234+00
06a0c14f-2ca5-41a6-914a-7f7e4bc90ca6,56b5ffb9-c0a3-49c4-acb2-cd0438da3f64,M5_HOBBIES_1_398_CA_1_evaluation,WI_4,484,2025-12-11 12:41:07.280234+00
8ca555dd-486e-4de4-a5a2-6f0a91a2dde4,56b5ffb9-c0a3-49c4-acb2-cd0438da3f64,M5_HOBBIES_1_398_CA_1_evaluation,WI_5,307,2025-12-11 12:41:07.280234+00
08a0d1fc-8e24-4589-a747-4920b6f900ce,56b5ffb9-c0a3-49c4-acb2-cd0438da3f64,M5_HOBBIES_1_404_CA_1_evaluation,CA_1,290,2025-12-11 12:41:07.280234+00
37024fa4-dacc-4485-9e4b-45b239fbf48e,56b5ffb9-c0a3-49c4-acb2-cd0438da3f64,M5_HOBBIES_1_404_CA_1_evaluation,CA_2,204,2025-12-11 12:41:07.280234+00
0fd3b37f-4550-425c-bbd4-da6032df0fe7,56b5ffb9-c0a3-49c4-acb2-cd0438da3f64,M5_HOBBIES_1_404_CA_1_evaluation,CA_3,329,2025-12-11 12:41:07.280234+00
f60adbd1-adf1-4db1-a09d-0b6c41886650,56b5ffb9-c0a3-49c4-acb2-cd0438da3f64,M5_HOBBIES_1_404_CA_1_evaluation,TX_1,477,2025-12-11 12:41:07.280234+00
14c28b3d-b0c2-4f34-93cc-81635b07a8d6,56b5ffb9-c0a3-49c4-acb2-cd0438da3f64,M5_HOBBIES_1_404_CA_1_evaluation,TX_2,387,2025-12-11 12:41:07.280234+00
7f2fb921-8220-48c4-8939-3d2a22151724,56b5ffb9-c0a3-49c4-acb2-cd0438da3f64,M5_HOBBIES_1_404_CA_1_evaluation,WI_1,52,2025-12-11 12:41:07.280234+00
b815d2a6-08f7-4326-85ff-cc2dfaa73d36,56b5ffb9-c0a3-49c4-acb2-cd0438da3f64,M5_HOBBIES_1_404_CA_1_evaluation,WI_2,469,2025-12-11 12:41:07.280234+00
d17bfc32-5511-4ae7-9684-31568e52a65e,56b5ffb9-c0a3-49c4-acb2-cd0438da3f64,M5_HOBBIES_1_404_CA_1_evaluation,WI_3,278,2025-12-11 12:41:07.280234+00
c9e5bc27-e4c7-4087-8804-c9b8bad769dd,56b5ffb9-c0a3-49c4-acb2-cd0438da3f64,M5_HOBBIES_1_404_CA_1_evaluation,WI_4,157,2025-12-11 12:41:07.280234+00
3aa8eaed-6eae-4b6b-8ac0-eb50bdef65a9,56b5ffb9-c0a3-49c4-acb2-cd0438da3f64,M5_HOBBIES_1_404_CA_1_evaluation,WI_5,290,2025-12-11 12:41:07.280234+00
4d741b86-7f57-4fd7-9d47-e140ceb990c0,56b5ffb9-c0a3-49c4-acb2-cd0438da3f64,M5_HOUSEHOLD_1_066_CA_1_evaluation,CA_1,185,2025-12-11 12:41:07.280234+00
9eb1977a-2985-4007-afc4-60682cf0a674,56b5ffb9-c0a3-49c4-acb2-cd0438da3f64,M5_HOUSEHOLD_1_066_CA_1_evaluation,CA_2,57,2025-12-11 12:41:07.280234+00
28642bcf-d5e8-4bbc-b595-f9a83cb8e41e,56b5ffb9-c0a3-49c4-acb2-cd0438da3f64,M5_HOUSEHOLD_1_066_CA_1_evaluation,CA_3,445,2025-12-11 12:41:07.280234+00
fe597a79-577f-4ad4-bbc2-e1ae9c24cfed,56b5ffb9-c0a3-49c4-acb2-cd0438da3f64,M5_HOUSEHOLD_1_066_CA_1_evaluation,TX_1,336,2025-12-11 12:41:07.280234+00
4e405c1b-02a9-41c7-ab88-15dc16f6c90b,56b5ffb9-c0a3-49c4-acb2-cd0438da3f64,M5_HOUSEHOLD_1_066_CA_1_evaluation,TX_2,203,2025-12-11 12:41:07.280234+00
90472f6d-7951-4e07-805a-e2eb54562f4c,56b5ffb9-c0a3-49c4-acb2-cd0438da3f64,M5_HOUSEHOLD_1_066_CA_1_evaluation,WI_1,242,2025-12-11 12:41:07.280234+00
899c2c9d-24dd-4cfb-983e-00dbafa29d0d,56b5ffb9-c0a3-49c4-acb2-cd0438da3f64,M5_HOUSEHOLD_1_066_CA_1_evaluation,WI_2,469,2025-12-11 12:41:07.280234+00
58abbad5-f0de-4afd-85b5-6f56023e462b,56b5ffb9-c0a3-49c4-acb2-cd0438da3f64,M5_HOUSEHOLD_1_066_CA_1_evaluation,WI_3,110,2025-12-11 12:41:07.280234+00
7ca0190f-713d-4653-a603-a4c79cba87fb,56b5ffb9-c0a3-49c4-acb2-cd0438da3f64,M5_HOUSEHOLD_1_066_CA_1_evaluation,WI_4,135,2025-12-11 12:41:07.280234+00
f3e75ce7-10e2-475c-8819-63d9539dacd6,56b5ffb9-c0a3-49c4-acb2-cd0438da3f64,M5_HOUSEHOLD_1_066_CA_1_evaluation,WI_5,111,2025-12-11 12:41:07.280234+00
b12f8f2a-e31b-4ecb-9bb5-de12d04afbef,56b5ffb9-c0a3-49c4-acb2-cd0438da3f64,M5_HOUSEHOLD_1_083_CA_1_evaluation,CA_1,240,2025-12-11 12:41:07.280234+00
e9f73edd-1f6d-4951-87a4-f6c1adda75a7,56b5ffb9-c0a3-49c4-acb2-cd0438da3f64,M5_HOUSEHOLD_1_083_CA_1_evaluation,CA_2,334,2025-12-11 12:41:07.280234+00
a7da5762-8810-45e2-87ff-99cf663d1557,56b5ffb9-c0a3-49c4-acb2-cd0438da3f64,M5_HOUSEHOLD_1_083_CA_1_evaluation,CA_3,263,2025-12-11 12:41:07.280234+00
6ec295fb-6a20-4e37-9893-cc990f2be5ab,56b5ffb9-c0a3-49c4-acb2-cd0438da3f64,M5_HOUSEHOLD_1_083_CA_1_evaluation,TX_1,15,2025-12-11 12:41:07.280234+00
21dab34c-f8fc-4725-96c2-dc730ef9042a,56b5ffb9-c0a3-49c4-acb2-cd0438da3f64,M5_HOUSEHOLD_1_083_CA_1_evaluation,TX_2,130,2025-12-11 12:41:07.280234+00
3b132047-739b-4e2f-a2ce-0c4a01a12e20,56b5ffb9-c0a3-49c4-acb2-cd0438da3f64,M5_HOUSEHOLD_1_083_CA_1_evaluation,WI_1,495,2025-12-11 12:41:07.280234+00
035c1e64-806d-41af-acd0-0f7925c964d2,56b5ffb9-c0a3-49c4-acb2-cd0438da3f64,M5_HOUSEHOLD_1_083_CA_1_evaluation,WI_2,393,2025-12-11 12:41:07.280234+00
2c9f3486-77fc-4f91-b721-bb3890d2006f,56b5ffb9-c0a3-49c4-acb2-cd0438da3f64,M5_HOUSEHOLD_1_083_CA_1_evaluation,WI_3,437,2025-12-11 12:41:07.280234+00
3c5f07fe-9aab-403e-944b-fb6d00e4929f,56b5ffb9-c0a3-49c4-acb2-cd0438da3f64,M5_HOUSEHOLD_1_083_CA_1_evaluation,WI_4,349,2025-12-11 12:41:07.280234+00
e392909e-0b73-42aa-a443-046e2dfb8b74,56b5ffb9-c0a3-49c4-acb2-cd0438da3f64,M5_HOUSEHOLD_1_083_CA_1_evaluation,WI_5,487,2025-12-11 12:41:07.280234+00
48ac0946-688a-4f73-bfbc-22099b08a36d,56b5ffb9-c0a3-49c4-acb2-cd0438da3f64,M5_HOUSEHOLD_1_096_CA_1_evaluation,CA_1,112,2025-12-11 12:41:07.280234+00
72d68ea6-908d-42c9-89db-df8d9fc59944,56b5ffb9-c0a3-49c4-acb2-cd0438da3f64,M5_HOUSEHOLD_1_096_CA_1_evaluation,CA_2,253,2025-12-11 12:41:07.280234+00
cf633d19-b3d8-4b15-b9bb-0bdfd0c29817,56b5ffb9-c0a3-49c4-acb2-cd0438da3f64,M5_HOUSEHOLD_1_096_CA_1_evaluation,CA_3,105,2025-12-11 12:41:07.280234+00
9a8c2f41-5913-4ef9-a190-11999039321c,56b5ffb9-c0a3-49c4-acb2-cd0438da3f64,M5_HOUSEHOLD_1_096_CA_1_evaluation,TX_1,399,2025-12-11 12:41:07.280234+00
00452fd3-eb7d-44d8-830e-f53c5fef2194,56b5ffb9-c0a3-49c4-acb2-cd0438da3f64,M5_HOUSEHOLD_1_096_CA_1_evaluation,TX_2,423,2025-12-11 12:41:07.280234+00
87e26b05-eecd-4d7c-b78c-eaeae5cc97ca,56b5ffb9-c0a3-49c4-acb2-cd0438da3f64,M5_HOUSEHOLD_1_096_CA_1_evaluation,WI_1,203,2025-12-11 12:41:07.280234+00
2ec1c85c-9219-4f1e-ba99-34de727818dc,56b5ffb9-c0a3-49c4-acb2-cd0438da3f64,M5_HOUSEHOLD_1_096_CA_1_evaluation,WI_2,146,2025-12-11 12:41:07.280234+00
c4800f51-a1b0-47f0-865e-e54d2dac8969,56b5ffb9-c0a3-49c4-acb2-cd0438da3f64,M5_HOUSEHOLD_1_096_CA_1_evaluation,WI_3,66,2025-12-11 12:41:07.280234+00
c87dc776-87f2-45db-a7b7-9ccf6c52d638,56b5ffb9-c0a3-49c4-acb2-cd0438da3f64,M5_HOUSEHOLD_1_096_CA_1_evaluation,WI_4,278,2025-12-11 12:41:07.280234+00
ec0e69ea-2e99-49db-9bc1-83dcc1224bcf,56b5ffb9-c0a3-49c4-acb2-cd0438da3f64,M5_HOUSEHOLD_1_096_CA_1_evaluation,WI_5,464,2025-12-11 12:41:07.280234+00
15459197-2837-43da-8c4e-cd00f79fdfba,56b5ffb9-c0a3-49c4-acb2-cd0438da3f64,M5_HOUSEHOLD_1_110_CA_1_evaluation,CA_1,184,2025-12-11 12:41:07.280234+00
ff90ba5e-f933-404e-84ed-cdf8644cafa2,56b5ffb9-c0a3-49c4-acb2-cd0438da3f64,M5_HOUSEHOLD_1_110_CA_1_evaluation,CA_2,467,2025-12-11 12:41:07.280234+00
267c71a8-8621-430e-bddb-a3bf1313edc5,56b5ffb9-c0a3-49c4-acb2-cd0438da3f64,M5_HOUSEHOLD_1_110_CA_1_evaluation,CA_3,243,2025-12-11 12:41:07.280234+00
abdd24bd-5ac7-442f-9fbe-1969129b43fb,56b5ffb9-c0a3-49c4-acb2-cd0438da3f64,M5_HOUSEHOLD_1_110_CA_1_evaluation,TX_1,440,2025-12-11 12:41:07.280234+00
e1437327-4781-445e-87f9-166a61d590b4,56b5ffb9-c0a3-49c4-acb2-cd0438da3f64,M5_HOUSEHOLD_1_110_CA_1_evaluation,TX_2,54,2025-12-11 12:41:07.280234+00
c29eed40-53e0-48de-9844-fcbcfe91c955,56b5ffb9-c0a3-49c4-acb2-cd0438da3f64,M5_HOUSEHOLD_1_110_CA_1_evaluation,WI_1,252,2025-12-11 12:41:07.280234+00
a4c98921-6dbe-4c14-97a8-490d3d2033dc,56b5ffb9-c0a3-49c4-acb2-cd0438da3f64,M5_HOUSEHOLD_1_110_CA_1_evaluation,WI_2,449,2025-12-11 12:41:07.280234+00
343b08e8-d9ce-4c38-97b7-dba7859f98f4,56b5ffb9-c0a3-49c4-acb2-cd0438da3f64,M5_HOUSEHOLD_1_110_CA_1_evaluation,WI_3,223,2025-12-11 12:41:07.280234+00
899454f7-abd2-4783-8cd7-3dc847696b00,56b5ffb9-c0a3-49c4-acb2-cd0438da3f64,M5_HOUSEHOLD_1_110_CA_1_evaluation,WI_4,272,2025-12-11 12:41:07.280234+00
6259e4bc-6248-418a-929d-4a0373e18845,56b5ffb9-c0a3-49c4-acb2-cd0438da3f64,M5_HOUSEHOLD_1_110_CA_1_evaluation,WI_5,221,2025-12-11 12:41:07.280234+00
aef81372-2fa3-4351-a86a-049e5b89bfc7,56b5ffb9-c0a3-49c4-acb2-cd0438da3f64,M5_HOUSEHOLD_1_118_CA_1_evaluation,CA_1,453,2025-12-11 12:41:07.280234+00
4206c922-6d32-435d-8416-69a3fe98fa37,56b5ffb9-c0a3-49c4-acb2-cd0438da3f64,M5_HOUSEHOLD_1_118_CA_1_evaluation,CA_2,297,2025-12-11 12:41:07.280234+00
05879b92-dd77-47f4-b2e6-598e47af23d1,56b5ffb9-c0a3-49c4-acb2-cd0438da3f64,M5_HOUSEHOLD_1_118_CA_1_evaluation,CA_3,378,2025-12-11 12:41:07.280234+00
4ccf7bf3-e591-4d86-9fa5-7a865f97b4e8,56b5ffb9-c0a3-49c4-acb2-cd0438da3f64,M5_HOUSEHOLD_1_118_CA_1_evaluation,TX_1,434,2025-12-11 12:41:07.280234+00
158677a6-a205-4c38-a5ff-b64b8bcc5f34,56b5ffb9-c0a3-49c4-acb2-cd0438da3f64,M5_HOUSEHOLD_1_118_CA_1_evaluation,TX_2,83,2025-12-11 12:41:07.280234+00
8602e43e-e9e7-4eda-bbf1-18cb2c7a3c9c,56b5ffb9-c0a3-49c4-acb2-cd0438da3f64,M5_HOUSEHOLD_1_118_CA_1_evaluation,WI_1,72,2025-12-11 12:41:07.280234+00
ea8ead9d-1d18-483f-a5d5-a860a0ea760b,56b5ffb9-c0a3-49c4-acb2-cd0438da3f64,M5_HOUSEHOLD_1_118_CA_1_evaluation,WI_2,210,2025-12-11 12:41:07.280234+00
ad1556e5-9a43-45a0-8dd1-cf7111714fe8,56b5ffb9-c0a3-49c4-acb2-cd0438da3f64,M5_HOUSEHOLD_1_118_CA_1_evaluation,WI_3,221,2025-12-11 12:41:07.280234+00
aa301573-5d38-422a-9892-fc085713b0fe,56b5ffb9-c0a3-49c4-acb2-cd0438da3f64,M5_HOUSEHOLD_1_118_CA_1_evaluation,WI_4,428,2025-12-11 12:41:07.280234+00
8b713cf8-4932-485a-a391-8066e742f328,56b5ffb9-c0a3-49c4-acb2-cd0438da3f64,M5_HOUSEHOLD_1_118_CA_1_evaluation,WI_5,286,2025-12-11 12:41:07.280234+00
08f5644f-f3e0-443d-a60a-edf663cf6374,56b5ffb9-c0a3-49c4-acb2-cd0438da3f64,M5_HOUSEHOLD_1_151_CA_1_evaluation,CA_1,379,2025-12-11 12:41:07.280234+00
b47b606e-8aca-4bf8-bcd1-18c2073bccd5,56b5ffb9-c0a3-49c4-acb2-cd0438da3f64,M5_HOUSEHOLD_1_151_CA_1_evaluation,CA_2,0,2025-12-11 12:41:07.280234+00
320bc35b-7689-45d9-8e7a-d7cb5fbbea8e,56b5ffb9-c0a3-49c4-acb2-cd0438da3f64,M5_HOUSEHOLD_1_151_CA_1_evaluation,CA_3,286,2025-12-11 12:41:07.280234+00
780de02a-0d9b-40f4-80e8-81407d5c58e5,56b5ffb9-c0a3-49c4-acb2-cd0438da3f64,M5_HOUSEHOLD_1_151_CA_1_evaluation,TX_1,433,2025-12-11 12:41:07.280234+00
c6f25917-4134-4231-be81-7532897af344,56b5ffb9-c0a3-49c4-acb2-cd0438da3f64,M5_HOUSEHOLD_1_151_CA_1_evaluation,TX_2,432,2025-12-11 12:41:07.280234+00
82935f06-35e9-4479-ba39-7ef7e796ac11,56b5ffb9-c0a3-49c4-acb2-cd0438da3f64,M5_HOUSEHOLD_1_151_CA_1_evaluation,WI_1,280,2025-12-11 12:41:07.280234+00
00666b7f-ab2b-44f2-a074-e32e89e72233,56b5ffb9-c0a3-49c4-acb2-cd0438da3f64,M5_HOUSEHOLD_1_151_CA_1_evaluation,WI_2,489,2025-12-11 12:41:07.280234+00
229ed544-bfd2-44ff-9820-0ec2e0206484,56b5ffb9-c0a3-49c4-acb2-cd0438da3f64,M5_HOUSEHOLD_1_151_CA_1_evaluation,WI_3,191,2025-12-11 12:41:07.280234+00
f66a2b5d-b378-4fea-9b54-35d30becc0a8,56b5ffb9-c0a3-49c4-acb2-cd0438da3f64,M5_HOUSEHOLD_1_151_CA_1_evaluation,WI_4,45,2025-12-11 12:41:07.280234+00
e7323016-818e-4ef6-8503-58303ed064d2,56b5ffb9-c0a3-49c4-acb2-cd0438da3f64,M5_HOUSEHOLD_1_151_CA_1_evaluation,WI_5,81,2025-12-11 12:41:07.280234+00
54c1b33f-d5d9-452a-8163-c0607adc5b04,56b5ffb9-c0a3-49c4-acb2-cd0438da3f64,M5_HOUSEHOLD_1_191_CA_1_evaluation,CA_1,475,2025-12-11 12:41:07.280234+00
256d4f07-a806-4e2b-b493-08d11b9ebc8e,56b5ffb9-c0a3-49c4-acb2-cd0438da3f64,M5_HOUSEHOLD_1_191_CA_1_evaluation,CA_2,108,2025-12-11 12:41:07.280234+00
44ff9658-96cd-434d-be86-85ddc3f5ddba,56b5ffb9-c0a3-49c4-acb2-cd0438da3f64,M5_HOUSEHOLD_1_191_CA_1_evaluation,CA_3,76,2025-12-11 12:41:07.280234+00
292d0195-d51c-454e-99ae-592cc69b0e5f,56b5ffb9-c0a3-49c4-acb2-cd0438da3f64,M5_HOUSEHOLD_1_191_CA_1_evaluation,TX_1,183,2025-12-11 12:41:07.280234+00
416bf9fd-38f2-4050-8426-25ebca136a15,56b5ffb9-c0a3-49c4-acb2-cd0438da3f64,M5_HOUSEHOLD_1_191_CA_1_evaluation,TX_2,318,2025-12-11 12:41:07.280234+00
0e86d6ad-6efa-47c9-b284-7399a3c62374,56b5ffb9-c0a3-49c4-acb2-cd0438da3f64,M5_HOUSEHOLD_1_191_CA_1_evaluation,WI_1,311,2025-12-11 12:41:07.280234+00
7717d91d-450f-46dc-9ef1-462d6c04b67d,56b5ffb9-c0a3-49c4-acb2-cd0438da3f64,M5_HOUSEHOLD_1_191_CA_1_evaluation,WI_2,171,2025-12-11 12:41:07.280234+00
d2eaa708-8ccc-4edc-a3c8-d878d5689c68,56b5ffb9-c0a3-49c4-acb2-cd0438da3f64,M5_HOUSEHOLD_1_191_CA_1_evaluation,WI_3,295,2025-12-11 12:41:07.280234+00
d4749361-9aab-4829-a3f5-4eef7587cf75,56b5ffb9-c0a3-49c4-acb2-cd0438da3f64,M5_HOUSEHOLD_1_191_CA_1_evaluation,WI_4,32,2025-12-11 12:41:07.280234+00
d647f028-ff78-43fd-84f6-c8e7c949657c,56b5ffb9-c0a3-49c4-acb2-cd0438da3f64,M5_HOUSEHOLD_1_191_CA_1_evaluation,WI_5,357,2025-12-11 12:41:07.280234+00
ca2f3287-320e-4991-95dd-b169b4f0fde3,56b5ffb9-c0a3-49c4-acb2-cd0438da3f64,M5_HOUSEHOLD_1_270_CA_1_evaluation,CA_1,180,2025-12-11 12:41:07.280234+00
f933262b-a44f-4815-b5f9-5f8b80c999fc,56b5ffb9-c0a3-49c4-acb2-cd0438da3f64,M5_HOUSEHOLD_1_270_CA_1_evaluation,CA_2,462,2025-12-11 12:41:07.280234+00
fea79fe4-2533-4867-be00-bc060778af53,56b5ffb9-c0a3-49c4-acb2-cd0438da3f64,M5_HOUSEHOLD_1_270_CA_1_evaluation,CA_3,122,2025-12-11 12:41:07.280234+00
4a963521-6619-419d-a109-5f93b0073502,56b5ffb9-c0a3-49c4-acb2-cd0438da3f64,M5_HOUSEHOLD_1_270_CA_1_evaluation,TX_1,182,2025-12-11 12:41:07.280234+00
c52c5a8f-26fe-4539-998e-1d89a27b73bc,56b5ffb9-c0a3-49c4-acb2-cd0438da3f64,M5_HOUSEHOLD_1_270_CA_1_evaluation,TX_2,469,2025-12-11 12:41:07.280234+00
ab6ba657-c384-4cec-825e-e2dc14c0960a,56b5ffb9-c0a3-49c4-acb2-cd0438da3f64,M5_HOUSEHOLD_1_270_CA_1_evaluation,WI_1,252,2025-12-11 12:41:07.280234+00
fa904611-365f-4e58-b451-91a92121ec35,56b5ffb9-c0a3-49c4-acb2-cd0438da3f64,M5_HOUSEHOLD_1_270_CA_1_evaluation,WI_2,346,2025-12-11 12:41:07.280234+00
fa9c3f1c-8363-4574-9e63-b11994c5d0dd,56b5ffb9-c0a3-49c4-acb2-cd0438da3f64,M5_HOUSEHOLD_1_270_CA_1_evaluation,WI_3,304,2025-12-11 12:41:07.280234+00
396028c9-87e2-4dcf-b687-22bdfc95a586,56b5ffb9-c0a3-49c4-acb2-cd0438da3f64,M5_HOUSEHOLD_1_270_CA_1_evaluation,WI_4,416,2025-12-11 12:41:07.280234+00
769a67c0-5540-431d-9be3-4fdbdab03813,56b5ffb9-c0a3-49c4-acb2-cd0438da3f64,M5_HOUSEHOLD_1_270_CA_1_evaluation,WI_5,329,2025-12-11 12:41:07.280234+00
d48d13dc-ab92-4ae2-90d6-b07dee4ca3e9,56b5ffb9-c0a3-49c4-acb2-cd0438da3f64,M5_HOUSEHOLD_1_303_CA_1_evaluation,CA_1,38,2025-12-11 12:41:07.280234+00
6367630c-e337-41b2-8843-39831cc6f89c,56b5ffb9-c0a3-49c4-acb2-cd0438da3f64,M5_HOUSEHOLD_1_303_CA_1_evaluation,CA_2,189,2025-12-11 12:41:07.280234+00
1b65dc3d-fc9f-430e-87a5-13c287ca58f5,56b5ffb9-c0a3-49c4-acb2-cd0438da3f64,M5_HOUSEHOLD_1_303_CA_1_evaluation,CA_3,181,2025-12-11 12:41:07.280234+00
99a54c63-6fa5-47c8-93ab-0cd102aa7d4b,56b5ffb9-c0a3-49c4-acb2-cd0438da3f64,M5_HOUSEHOLD_1_303_CA_1_evaluation,TX_1,336,2025-12-11 12:41:07.280234+00
09b35247-841c-4021-9e8a-be1129b2a6d9,56b5ffb9-c0a3-49c4-acb2-cd0438da3f64,M5_HOUSEHOLD_1_303_CA_1_evaluation,TX_2,270,2025-12-11 12:41:07.280234+00
00acb4ec-3af7-4ae1-91d1-a915ce179df5,56b5ffb9-c0a3-49c4-acb2-cd0438da3f64,M5_HOUSEHOLD_1_303_CA_1_evaluation,WI_1,203,2025-12-11 12:41:07.280234+00
955fcf9f-8c74-4bdc-b2f6-4c60ccb7e901,56b5ffb9-c0a3-49c4-acb2-cd0438da3f64,M5_HOUSEHOLD_1_303_CA_1_evaluation,WI_2,289,2025-12-11 12:41:07.280234+00
d2b523ae-fe49-48d1-b0b3-5059e79a6b5a,56b5ffb9-c0a3-49c4-acb2-cd0438da3f64,M5_HOUSEHOLD_1_303_CA_1_evaluation,WI_3,27,2025-12-11 12:41:07.280234+00
96cd1b24-5798-4594-93f5-4c0150f68579,56b5ffb9-c0a3-49c4-acb2-cd0438da3f64,M5_HOUSEHOLD_1_303_CA_1_evaluation,WI_4,323,2025-12-11 12:41:07.280234+00
e3f0a9a1-7e3a-485a-9a31-2ebecdf37d96,56b5ffb9-c0a3-49c4-acb2-cd0438da3f64,M5_HOUSEHOLD_1_303_CA_1_evaluation,WI_5,148,2025-12-11 12:41:07.280234+00
4d8b6cc8-e8f2-48aa-aaad-e3cd96247ebe,56b5ffb9-c0a3-49c4-acb2-cd0438da3f64,M5_HOUSEHOLD_1_334_CA_1_evaluation,CA_1,380,2025-12-11 12:41:07.280234+00
445c561a-dde6-4d8a-9610-d127bfe6e653,56b5ffb9-c0a3-49c4-acb2-cd0438da3f64,M5_HOUSEHOLD_1_334_CA_1_evaluation,CA_2,350,2025-12-11 12:41:07.280234+00
01027d19-1c33-4218-bdb8-b68600f25c7d,56b5ffb9-c0a3-49c4-acb2-cd0438da3f64,M5_HOUSEHOLD_1_334_CA_1_evaluation,CA_3,382,2025-12-11 12:41:07.280234+00
56d6d09d-1cf3-4de0-aa18-2490c2a37a86,56b5ffb9-c0a3-49c4-acb2-cd0438da3f64,M5_HOUSEHOLD_1_334_CA_1_evaluation,TX_1,368,2025-12-11 12:41:07.280234+00
cc944a99-22c7-43e8-a4f8-51740b4e52ea,56b5ffb9-c0a3-49c4-acb2-cd0438da3f64,M5_HOUSEHOLD_1_334_CA_1_evaluation,TX_2,101,2025-12-11 12:41:07.280234+00
0e4202ca-1373-4b88-bc5a-07bbc9c2aa70,56b5ffb9-c0a3-49c4-acb2-cd0438da3f64,M5_HOUSEHOLD_1_334_CA_1_evaluation,WI_1,343,2025-12-11 12:41:07.280234+00
5fea680a-a5ad-49c3-91c4-429a735de12f,56b5ffb9-c0a3-49c4-acb2-cd0438da3f64,M5_HOUSEHOLD_1_334_CA_1_evaluation,WI_2,7,2025-12-11 12:41:07.280234+00
a331b827-9d6f-4e9e-ace6-b6b6ae491156,56b5ffb9-c0a3-49c4-acb2-cd0438da3f64,M5_HOUSEHOLD_1_334_CA_1_evaluation,WI_3,313,2025-12-11 12:41:07.280234+00
96623515-58d5-42d5-b16d-080d3a123eb3,56b5ffb9-c0a3-49c4-acb2-cd0438da3f64,M5_HOUSEHOLD_1_334_CA_1_evaluation,WI_4,79,2025-12-11 12:41:07.280234+00
92abbbfb-5464-4e8e-916c-e3159a9247f5,56b5ffb9-c0a3-49c4-acb2-cd0438da3f64,M5_HOUSEHOLD_1_334_CA_1_evaluation,WI_5,262,2025-12-11 12:41:07.280234+00
b9678058-a527-46ec-97b4-0c0647f7c605,56b5ffb9-c0a3-49c4-acb2-cd0438da3f64,M5_HOUSEHOLD_1_373_CA_1_evaluation,CA_1,399,2025-12-11 12:41:07.280234+00
b30826bb-c507-4a63-a912-f51619867ea6,56b5ffb9-c0a3-49c4-acb2-cd0438da3f64,M5_HOUSEHOLD_1_373_CA_1_evaluation,CA_2,180,2025-12-11 12:41:07.280234+00
c269f0d6-5f57-425b-a354-8b14a11bb4fe,56b5ffb9-c0a3-49c4-acb2-cd0438da3f64,M5_HOUSEHOLD_1_373_CA_1_evaluation,CA_3,375,2025-12-11 12:41:07.280234+00
f0c823cf-8669-4a0e-a7cb-317a3f9a8b73,56b5ffb9-c0a3-49c4-acb2-cd0438da3f64,M5_HOUSEHOLD_1_373_CA_1_evaluation,TX_1,143,2025-12-11 12:41:07.280234+00
931e3d5b-9f06-4001-9fbc-07790cb8d6fb,56b5ffb9-c0a3-49c4-acb2-cd0438da3f64,M5_HOUSEHOLD_1_373_CA_1_evaluation,TX_2,454,2025-12-11 12:41:07.280234+00
16de4e58-7698-4566-8f16-e1eb8a60d112,56b5ffb9-c0a3-49c4-acb2-cd0438da3f64,M5_HOUSEHOLD_1_373_CA_1_evaluation,WI_1,262,2025-12-11 12:41:07.280234+00
ab49c294-b3ce-4508-ad64-c2047ddd4471,56b5ffb9-c0a3-49c4-acb2-cd0438da3f64,M5_HOUSEHOLD_1_373_CA_1_evaluation,WI_2,67,2025-12-11 12:41:07.280234+00
351e7128-6164-4105-bf59-25554acf9ccb,56b5ffb9-c0a3-49c4-acb2-cd0438da3f64,M5_HOUSEHOLD_1_373_CA_1_evaluation,WI_3,72,2025-12-11 12:41:07.280234+00
34a1d0e7-c3f7-4a98-b3e0-55dc23966086,56b5ffb9-c0a3-49c4-acb2-cd0438da3f64,M5_HOUSEHOLD_1_373_CA_1_evaluation,WI_4,81,2025-12-11 12:41:07.280234+00
d9e010bb-5532-442b-b938-aafd37706524,56b5ffb9-c0a3-49c4-acb2-cd0438da3f64,M5_HOUSEHOLD_1_373_CA_1_evaluation,WI_5,485,2025-12-11 12:41:07.280234+00
b6794c18-58bb-4b3c-a72f-0a3e9248abdb,56b5ffb9-c0a3-49c4-acb2-cd0438da3f64,M5_HOUSEHOLD_1_399_CA_1_evaluation,CA_1,98,2025-12-11 12:41:07.280234+00
3fe4313b-ffe2-40d7-bfe4-3ac862a4ef0d,56b5ffb9-c0a3-49c4-acb2-cd0438da3f64,M5_HOUSEHOLD_1_399_CA_1_evaluation,CA_2,220,2025-12-11 12:41:07.280234+00
75e39231-7d36-4dd5-9df1-208dc13b7c98,56b5ffb9-c0a3-49c4-acb2-cd0438da3f64,M5_HOUSEHOLD_1_399_CA_1_evaluation,CA_3,350,2025-12-11 12:41:07.280234+00
86855be2-692b-471c-a94d-980bb2a8c5d2,56b5ffb9-c0a3-49c4-acb2-cd0438da3f64,M5_HOUSEHOLD_1_399_CA_1_evaluation,TX_1,235,2025-12-11 12:41:07.280234+00
296b4480-57c9-4a06-b9d5-67c7d2580bf7,56b5ffb9-c0a3-49c4-acb2-cd0438da3f64,M5_HOUSEHOLD_1_399_CA_1_evaluation,TX_2,112,2025-12-11 12:41:07.280234+00
08ac0e81-7f5d-4e51-aa64-55ab4905c11d,56b5ffb9-c0a3-49c4-acb2-cd0438da3f64,M5_HOUSEHOLD_1_399_CA_1_evaluation,WI_1,267,2025-12-11 12:41:07.280234+00
2ce3c6e6-930b-4699-bb24-cb9fe8f7211e,56b5ffb9-c0a3-49c4-acb2-cd0438da3f64,M5_HOUSEHOLD_1_399_CA_1_evaluation,WI_2,224,2025-12-11 12:41:07.280234+00
23138c7c-3ec8-4085-a80d-a57630bb06ea,56b5ffb9-c0a3-49c4-acb2-cd0438da3f64,M5_HOUSEHOLD_1_399_CA_1_evaluation,WI_3,328,2025-12-11 12:41:07.280234+00
9388fda8-2da5-4221-8a03-00519a10bcf3,56b5ffb9-c0a3-49c4-acb2-cd0438da3f64,M5_HOUSEHOLD_1_399_CA_1_evaluation,WI_4,213,2025-12-11 12:41:07.280234+00
1957b99d-ce78-43da-ad34-25add4a9e2ae,56b5ffb9-c0a3-49c4-acb2-cd0438da3f64,M5_HOUSEHOLD_1_399_CA_1_evaluation,WI_5,365,2025-12-11 12:41:07.280234+00
7a67f4b3-99d6-4ba7-bfba-f8ca0bae0f77,56b5ffb9-c0a3-49c4-acb2-cd0438da3f64,M5_HOUSEHOLD_1_409_CA_1_evaluation,CA_1,340,2025-12-11 12:41:07.280234+00
39e9d40a-9cdf-4f71-9dfb-6b3c04ca9fd6,56b5ffb9-c0a3-49c4-acb2-cd0438da3f64,M5_HOUSEHOLD_1_409_CA_1_evaluation,CA_2,101,2025-12-11 12:41:07.280234+00
d0ae679f-b6e7-4810-a213-59e59ed468ff,56b5ffb9-c0a3-49c4-acb2-cd0438da3f64,M5_HOUSEHOLD_1_409_CA_1_evaluation,CA_3,88,2025-12-11 12:41:07.280234+00
3703679b-cc42-406f-ae7d-89c59758ecb4,56b5ffb9-c0a3-49c4-acb2-cd0438da3f64,M5_HOUSEHOLD_1_409_CA_1_evaluation,TX_1,151,2025-12-11 12:41:07.280234+00
6f84c99c-6bd2-472b-9706-256e39bc8c97,56b5ffb9-c0a3-49c4-acb2-cd0438da3f64,M5_HOUSEHOLD_1_409_CA_1_evaluation,TX_2,310,2025-12-11 12:41:07.280234+00
e4d6ffc1-1d87-463f-bd9a-553a34484630,56b5ffb9-c0a3-49c4-acb2-cd0438da3f64,M5_HOUSEHOLD_1_409_CA_1_evaluation,WI_1,286,2025-12-11 12:41:07.280234+00
f9ceccf6-9e9a-43f7-8f46-b66bad12abef,56b5ffb9-c0a3-49c4-acb2-cd0438da3f64,M5_HOUSEHOLD_1_409_CA_1_evaluation,WI_2,492,2025-12-11 12:41:07.280234+00
4eba54ac-9da9-4380-9924-d1e1afaa3b65,56b5ffb9-c0a3-49c4-acb2-cd0438da3f64,M5_HOUSEHOLD_1_409_CA_1_evaluation,WI_3,349,2025-12-11 12:41:07.280234+00
fa0ebdd2-1e4a-4efd-986f-3100c7947035,56b5ffb9-c0a3-49c4-acb2-cd0438da3f64,M5_HOUSEHOLD_1_409_CA_1_evaluation,WI_4,411,2025-12-11 12:41:07.280234+00
c6813f93-df98-4ce1-a529-c56a7bc6aa19,56b5ffb9-c0a3-49c4-acb2-cd0438da3f64,M5_HOUSEHOLD_1_409_CA_1_evaluation,WI_5,219,2025-12-11 12:41:07.280234+00
ba8fb5b6-9aab-466b-bf5a-6d00b93bf35b,56b5ffb9-c0a3-49c4-acb2-cd0438da3f64,M5_HOUSEHOLD_1_418_CA_1_evaluation,CA_1,110,2025-12-11 12:41:07.280234+00
ebc25136-8d42-4452-8ed9-6c41f2fcb28f,56b5ffb9-c0a3-49c4-acb2-cd0438da3f64,M5_HOUSEHOLD_1_418_CA_1_evaluation,CA_2,52,2025-12-11 12:41:07.280234+00
faf22eb5-2bd4-4cba-b4a3-47eb1044e980,56b5ffb9-c0a3-49c4-acb2-cd0438da3f64,M5_HOUSEHOLD_1_418_CA_1_evaluation,CA_3,280,2025-12-11 12:41:07.280234+00
01030ce3-8f4f-46b1-8467-79f3670d0473,56b5ffb9-c0a3-49c4-acb2-cd0438da3f64,M5_HOUSEHOLD_1_418_CA_1_evaluation,TX_1,268,2025-12-11 12:41:07.280234+00
818e71b7-77f7-4bc8-a0c6-23b64eaf40e5,56b5ffb9-c0a3-49c4-acb2-cd0438da3f64,M5_HOUSEHOLD_1_418_CA_1_evaluation,TX_2,208,2025-12-11 12:41:07.280234+00
60195d78-e090-4bbd-b689-e7f6eef8a5a3,56b5ffb9-c0a3-49c4-acb2-cd0438da3f64,M5_HOUSEHOLD_1_418_CA_1_evaluation,WI_1,181,2025-12-11 12:41:07.280234+00
76aef1dc-8eaf-4dc2-82d1-4b7b95509537,56b5ffb9-c0a3-49c4-acb2-cd0438da3f64,M5_HOUSEHOLD_1_418_CA_1_evaluation,WI_2,399,2025-12-11 12:41:07.280234+00
f2af828a-e001-4498-b58a-f68e74dc0113,56b5ffb9-c0a3-49c4-acb2-cd0438da3f64,M5_HOUSEHOLD_1_418_CA_1_evaluation,WI_3,13,2025-12-11 12:41:07.280234+00
c6b3bcde-5625-422a-b703-f066abd88dce,56b5ffb9-c0a3-49c4-acb2-cd0438da3f64,M5_HOUSEHOLD_1_418_CA_1_evaluation,WI_4,192,2025-12-11 12:41:07.280234+00
d134d5c2-4e2a-4378-913d-58743f4ed240,56b5ffb9-c0a3-49c4-acb2-cd0438da3f64,M5_HOUSEHOLD_1_418_CA_1_evaluation,WI_5,169,2025-12-11 12:41:07.280234+00
